,alexnet_593,12.029,0
,alexnet_892,8.710,0
,alexnet_131,18.325,0
,alexnet_241,14.075,0
,alexnet_447,16.220,0
,alexnet_24,12.481,0
,alexnet_1484,21.511,0
,alexnet_472,19.007,0
,alexnet_1689,13.313,0
,alexnet_33,18.453,0
,alexnet_1861,5.205,0
,alexnet_1242,4.975,0
,alexnet_1107,12.361,0
,alexnet_26,9.433,0
,alexnet_1496,10.310,0
,alexnet_1072,7.139,0
,alexnet_728,13.718,0
,alexnet_1503,19.955,0
,alexnet_1996,10.977,0
,alexnet_1009,18.059,0
,alexnet_1493,8.209,0
,alexnet_1470,14.175,0
,alexnet_1100,28.017,0
,alexnet_236,12.505,0
,alexnet_1893,23.964,0
,alexnet_92,12.285,0
,alexnet_69,5.920,0
,alexnet_872,5.033,0
,alexnet_39,30.935,0
,alexnet_789,18.854,0
,alexnet_326,17.038,0
,alexnet_1510,13.704,0
,alexnet_1246,29.196,0
,alexnet_1854,11.577,0
,alexnet_499,14.121,0
,alexnet_1877,22.728,0
,alexnet_1353,12.939,0
,alexnet_1528,11.865,0
,alexnet_372,5.502,0
,alexnet_543,14.098,0
,alexnet_638,6.118,0
,alexnet_1834,20.167,0
,alexnet_297,8.366,0
,alexnet_521,7.126,0
,alexnet_151,5.780,0
,alexnet_1335,9.459,0
,alexnet_1669,9.832,0
,alexnet_1807,6.770,0
,alexnet_1794,9.136,0
,alexnet_1481,15.227,0
,alexnet_657,12.229,0
,alexnet_1187,10.481,0
,alexnet_187,10.353,0
,alexnet_1266,14.378,0
,alexnet_10,3.828,0
,alexnet_483,16.913,0
,alexnet_230,16.772,0
,alexnet_1601,26.882,0
,alexnet_1610,6.408,0
,alexnet_609,13.565,0
,alexnet_146,23.544,0
,alexnet_443,21.895,0
,alexnet_592,4.500,0
,alexnet_971,12.371,0
,alexnet_1221,12.409,0
,alexnet_968,4.524,0
,alexnet_1478,14.352,0
,alexnet_1749,9.403,0
,alexnet_1522,17.616,0
,alexnet_675,22.915,0
,alexnet_1721,19.515,0
,alexnet_1265,35.346,0
,alexnet_756,24.151,0
,alexnet_1423,12.302,0
,alexnet_423,23.089,0
,alexnet_714,7.983,0
,alexnet_1453,12.222,0
,alexnet_815,13.853,0
,alexnet_1332,14.375,0
,alexnet_595,11.656,0
,alexnet_613,10.776,0
,alexnet_1546,13.555,0
,alexnet_908,22.335,0
,alexnet_1128,12.536,0
,alexnet_561,16.146,0
,alexnet_1387,12.565,0
,alexnet_1201,5.270,0
,alexnet_470,19.530,0
,alexnet_763,8.512,0
,alexnet_948,21.293,0
,alexnet_907,12.476,0
,alexnet_40,19.038,0
,alexnet_1762,7.798,0
,alexnet_1760,14.299,0
,alexnet_382,12.758,0
,alexnet_1491,21.688,0
,alexnet_1198,7.322,0
,alexnet_295,21.993,0
,alexnet_317,16.134,0
,alexnet_1874,11.668,0
,alexnet_239,5.797,0
,alexnet_812,12.405,0
,alexnet_1656,18.047,0
,alexnet_1963,8.730,0
,alexnet_827,6.635,0
,alexnet_1113,13.587,0
,alexnet_734,11.397,0
,alexnet_1059,23.119,0
,alexnet_430,9.944,0
,alexnet_1593,7.967,0
,alexnet_1227,10.479,0
,alexnet_1489,9.340,0
,alexnet_1381,14.025,0
,alexnet_1119,17.910,0
,alexnet_1085,12.417,0
,alexnet_1529,16.390,0
,alexnet_1930,2.077,0
,alexnet_762,3.349,0
,alexnet_834,9.782,0
,alexnet_553,18.413,0
,alexnet_1775,23.558,0
,alexnet_1942,6.005,0
,alexnet_1269,12.061,0
,alexnet_1483,19.917,0
,alexnet_1915,6.998,0
,alexnet_956,15.157,0
,alexnet_1354,13.160,0
,alexnet_1347,18.359,0
,alexnet_511,14.218,0
,alexnet_1717,16.716,0
,alexnet_514,29.091,0
,alexnet_1527,16.655,0
,alexnet_858,16.064,0
,alexnet_1706,17.903,0
,alexnet_689,14.482,0
,alexnet_1615,9.318,0
,alexnet_1599,18.097,0
,alexnet_1240,11.605,0
,alexnet_213,17.540,0
,alexnet_1512,2.113,0
,alexnet_777,11.572,0
,alexnet_1094,3.900,0
,alexnet_550,7.157,0
,alexnet_1120,20.321,0
,alexnet_1580,9.503,0
,alexnet_993,15.725,0
,alexnet_723,15.487,0
,alexnet_1153,15.549,0
,alexnet_569,11.115,0
,alexnet_788,5.014,0
,alexnet_1432,7.839,0
,alexnet_619,12.913,0
,alexnet_269,11.249,0
,alexnet_704,18.370,0
,alexnet_919,5.769,0
,alexnet_1955,15.118,0
,alexnet_1986,20.364,0
,alexnet_1842,6.183,0
,alexnet_849,6.857,0
,alexnet_283,9.178,0
,alexnet_520,12.573,0
,alexnet_299,20.159,0
,alexnet_340,9.777,0
,alexnet_1159,13.847,0
,alexnet_1494,6.728,0
,alexnet_1183,13.729,0
,alexnet_1066,23.998,0
,alexnet_1139,8.472,0
,alexnet_539,11.077,0
,alexnet_575,7.537,0
,alexnet_588,6.268,0
,alexnet_1540,8.914,0
,alexnet_1405,19.969,0
,alexnet_182,17.390,0
,alexnet_966,5.026,0
,alexnet_1801,12.463,0
,alexnet_193,16.537,0
,alexnet_162,8.300,0
,alexnet_109,19.225,0
,alexnet_1768,11.745,0
,alexnet_835,17.915,0
,alexnet_652,17.745,0
,alexnet_1149,8.904,0
,alexnet_1480,14.876,0
,alexnet_327,8.942,0
,alexnet_164,7.148,0
,alexnet_203,12.385,0
,alexnet_1572,5.439,0
,alexnet_1228,15.352,0
,alexnet_456,11.430,0
,alexnet_965,18.869,0
,alexnet_1355,19.935,0
,alexnet_1948,8.355,0
,alexnet_1114,15.897,0
,alexnet_1651,47.279,0
,alexnet_544,13.672,0
,alexnet_1259,16.891,0
,alexnet_1632,10.470,0
,alexnet_1732,7.885,0
,alexnet_552,11.057,0
,alexnet_287,12.754,0
,alexnet_574,27.360,0
,alexnet_883,16.256,0
,alexnet_55,6.217,0
,alexnet_716,10.387,0
,alexnet_1156,13.861,0
,alexnet_301,28.860,0
,alexnet_37,7.341,0
,alexnet_246,18.252,0
,alexnet_1727,11.110,0
,alexnet_367,13.779,0
,alexnet_1395,8.479,0
,alexnet_1907,17.903,0
,alexnet_87,14.278,0
,alexnet_1857,9.217,0
,alexnet_59,12.479,0
,alexnet_1115,10.003,0
,alexnet_739,4.788,0
,alexnet_848,26.413,0
,alexnet_1379,19.033,0
,alexnet_394,10.845,0
,alexnet_844,12.787,0
,alexnet_1684,8.927,0
,alexnet_1664,18.829,0
,alexnet_694,8.332,0
,alexnet_436,14.552,0
,alexnet_1577,28.430,0
,alexnet_1134,17.254,0
,alexnet_1426,8.437,0
,alexnet_120,23.891,0
,alexnet_304,10.099,0
,alexnet_1639,15.741,0
,alexnet_651,3.157,0
,alexnet_902,11.320,0
,alexnet_775,13.205,0
,alexnet_145,9.184,0
,alexnet_571,19.044,0
,alexnet_1415,21.421,0
,alexnet_158,17.213,0
,alexnet_1205,5.912,0
,alexnet_647,8.913,0
,alexnet_1398,9.792,0
,alexnet_524,8.316,0
,alexnet_1831,13.865,0
,alexnet_84,21.401,0
,alexnet_107,14.237,0
,alexnet_136,29.975,0
,alexnet_1091,10.772,0
,alexnet_1752,11.674,0
,alexnet_1712,16.936,0
,alexnet_1872,14.119,0
,alexnet_1466,6.583,0
,alexnet_802,12.977,0
,alexnet_278,3.668,0
,alexnet_410,9.986,0
,alexnet_21,15.904,0
,alexnet_1443,4.490,0
,alexnet_1319,14.189,0
,alexnet_772,11.401,0
,alexnet_1990,14.094,0
,alexnet_1003,10.778,0
,alexnet_1675,14.184,0
,alexnet_1906,5.191,0
,alexnet_1992,10.328,0
,alexnet_857,19.503,0
,alexnet_1970,28.679,0
,alexnet_1633,7.131,0
,alexnet_1587,17.230,0
,alexnet_828,12.848,0
,alexnet_761,8.701,0
,alexnet_1404,31.508,0
,alexnet_819,32.213,0
,alexnet_814,5.924,0
,alexnet_560,13.594,0
,alexnet_1534,32.797,0
,alexnet_459,13.635,0
,alexnet_405,34.509,0
,alexnet_650,9.345,0
,alexnet_86,7.699,0
,alexnet_94,21.597,0
,alexnet_42,13.234,0
,alexnet_1973,13.350,0
,alexnet_433,9.655,0
,alexnet_955,32.479,0
,alexnet_307,4.334,0
,alexnet_1972,6.944,0
,alexnet_688,11.403,0
,alexnet_724,14.316,0
,alexnet_155,6.816,0
,alexnet_645,24.212,0
,alexnet_1129,11.730,0
,alexnet_1104,8.161,0
,alexnet_917,5.948,0
,alexnet_767,4.345,0
,alexnet_77,19.003,0
,alexnet_1958,5.932,0
,alexnet_670,7.132,0
,alexnet_838,8.535,0
,alexnet_1445,12.843,0
,alexnet_1256,28.760,0
,alexnet_1702,7.792,0
,alexnet_450,3.919,0
,alexnet_1326,16.507,0
,alexnet_1308,5.723,0
,alexnet_969,15.779,0
,alexnet_1589,8.373,0
,alexnet_118,8.729,0
,alexnet_557,10.980,0
,alexnet_748,4.623,0
,alexnet_1837,14.943,0
,alexnet_681,6.467,0
,alexnet_1568,12.445,0
,alexnet_1678,11.715,0
,alexnet_271,12.260,0
,alexnet_122,12.921,0
,alexnet_1375,26.280,0
,alexnet_1613,13.966,0
,alexnet_0,10.134,0
,alexnet_195,7.987,0
,alexnet_1320,7.809,0
,alexnet_1362,14.413,0
,alexnet_957,15.358,0
,alexnet_396,14.046,0
,alexnet_1309,23.281,0
,alexnet_1247,19.311,0
,alexnet_1504,8.484,0
,alexnet_927,12.281,0
,alexnet_901,10.722,0
,alexnet_973,22.680,0
,alexnet_1077,8.994,0
,alexnet_1158,18.047,0
,alexnet_589,22.652,0
,alexnet_1916,16.365,0
,alexnet_1459,9.196,0
,alexnet_310,9.724,0
,alexnet_105,9.717,0
,alexnet_570,11.055,0
,alexnet_201,17.826,0
,alexnet_435,26.804,0
,alexnet_1647,27.264,0
,alexnet_1008,20.767,0
,alexnet_1881,9.180,0
,alexnet_580,10.875,0
,alexnet_1487,28.903,0
,alexnet_869,11.454,0
,alexnet_357,26.335,0
,alexnet_1606,9.488,0
,alexnet_712,4.921,0
,alexnet_1325,20.002,0
,alexnet_360,22.414,0
,alexnet_1151,6.534,0
,alexnet_518,6.952,0
,alexnet_116,12.577,0
,alexnet_321,15.846,0
,alexnet_260,2.950,0
,alexnet_130,18.919,0
,alexnet_137,10.157,0
,alexnet_281,11.201,0
,alexnet_1214,23.707,0
,alexnet_1262,16.912,0
,alexnet_1463,8.653,0
,alexnet_163,7.025,0
,alexnet_1563,13.096,0
,alexnet_842,8.215,0
,alexnet_1053,15.934,0
,alexnet_1468,20.286,0
,alexnet_270,5.998,0
,alexnet_350,7.000,0
,alexnet_103,21.273,0
,alexnet_1987,18.941,0
,alexnet_1451,13.158,0
,alexnet_1625,6.271,0
,alexnet_171,15.488,0
,alexnet_895,9.171,0
,alexnet_1968,2.432,0
,alexnet_1552,14.461,0
,alexnet_191,10.537,0
,alexnet_1562,19.151,0
,alexnet_232,23.663,0
,alexnet_643,18.486,0
,alexnet_1290,9.581,0
,alexnet_1123,11.246,0
,alexnet_945,25.197,0
,alexnet_91,9.723,0
,alexnet_75,14.938,0
,alexnet_1055,10.502,0
,alexnet_1544,8.471,0
,alexnet_1167,14.523,0
,alexnet_229,13.183,0
,alexnet_6,9.177,0
,alexnet_620,14.051,0
,alexnet_889,7.682,0
,alexnet_117,20.133,0
,alexnet_1705,9.840,0
,alexnet_257,6.589,0
,alexnet_1172,10.772,0
,alexnet_877,9.615,0
,alexnet_1363,7.779,0
,alexnet_322,6.606,0
,alexnet_1133,7.527,0
,alexnet_1677,15.276,0
,alexnet_159,17.927,0
,alexnet_594,23.897,0
,alexnet_100,8.215,0
,alexnet_616,14.900,0
,alexnet_1919,13.266,0
,alexnet_644,12.732,0
,alexnet_440,17.916,0
,alexnet_132,11.495,0
,alexnet_147,7.844,0
,alexnet_1208,18.987,0
,alexnet_1888,32.699,0
,alexnet_1865,5.979,0
,alexnet_837,7.195,0
,alexnet_180,10.330,0
,alexnet_1516,16.021,0
,alexnet_649,20.209,0
,alexnet_1013,13.944,0
,alexnet_323,14.441,0
,alexnet_963,18.632,0
,alexnet_1442,15.214,0
,alexnet_1414,4.327,0
,alexnet_1772,7.610,0
,alexnet_364,46.223,0
,alexnet_1179,10.491,0
,alexnet_1715,8.817,0
,alexnet_1894,17.756,0
,alexnet_1699,15.212,0
,alexnet_1393,10.980,0
,alexnet_1286,6.205,0
,alexnet_505,16.911,0
,alexnet_923,30.360,0
,alexnet_507,6.753,0
,alexnet_555,13.223,0
,alexnet_1506,13.023,0
,alexnet_1434,2.950,0
,alexnet_477,19.149,0
,alexnet_1989,16.570,0
,alexnet_1811,18.218,0
,alexnet_1696,9.750,0
,alexnet_352,17.652,0
,alexnet_186,13.768,0
,alexnet_1952,11.044,0
,alexnet_282,13.614,0
,alexnet_1977,14.520,0
,alexnet_178,10.026,0
,alexnet_346,19.913,0
,alexnet_1766,13.211,0
,alexnet_668,20.974,0
,alexnet_1352,7.322,0
,alexnet_885,14.025,0
,alexnet_1758,15.245,0
,alexnet_1852,13.820,0
,alexnet_138,11.938,0
,alexnet_781,5.891,0
,alexnet_35,28.792,0
,alexnet_1440,11.234,0
,alexnet_1638,7.695,0
,alexnet_1293,20.651,0
,alexnet_1746,7.941,0
,alexnet_385,20.801,0
,alexnet_73,9.466,0
,alexnet_928,11.473,0
,alexnet_1679,16.981,0
,alexnet_41,24.602,0
,alexnet_1521,13.476,0
,alexnet_1830,18.752,0
,alexnet_1649,9.517,0
,alexnet_845,14.794,0
,alexnet_1797,10.111,0
,alexnet_1224,12.556,0
,alexnet_1401,5.454,0
,alexnet_480,7.389,0
,alexnet_1629,19.032,0
,alexnet_953,17.262,0
,alexnet_1567,9.660,0
,alexnet_672,10.000,0
,alexnet_420,7.695,0
,alexnet_910,9.664,0
,alexnet_1953,20.947,0
,alexnet_720,24.618,0
,alexnet_1676,12.441,0
,alexnet_1879,16.618,0
,alexnet_725,6.071,0
,alexnet_1849,25.021,0
,alexnet_496,27.346,0
,alexnet_918,14.087,0
,alexnet_1825,10.831,0
,alexnet_743,7.854,0
,alexnet_1713,24.279,0
,alexnet_330,27.236,0
,alexnet_671,7.387,0
,alexnet_1411,17.236,0
,alexnet_1356,15.486,0
,alexnet_1276,17.374,0
,alexnet_34,22.558,0
,alexnet_1810,17.649,0
,alexnet_1859,17.532,0
,alexnet_779,11.947,0
,alexnet_289,16.974,0
,alexnet_947,12.466,0
,alexnet_1812,14.519,0
,alexnet_698,20.643,0
,alexnet_1076,7.307,0
,alexnet_1283,13.782,0
,alexnet_697,16.784,0
,alexnet_1898,15.939,0
,alexnet_863,7.650,0
,alexnet_1845,7.161,0
,alexnet_1141,12.199,0
,alexnet_1435,15.411,0
,alexnet_1899,2.373,0
,alexnet_1060,16.928,0
,alexnet_890,10.268,0
,alexnet_1346,14.672,0
,alexnet_886,6.334,0
,alexnet_1065,11.835,0
,alexnet_820,27.944,0
,alexnet_1697,15.193,0
,alexnet_1450,7.316,0
,alexnet_1497,9.329,0
,alexnet_1853,4.070,0
,alexnet_1771,14.233,0
,alexnet_172,7.008,0
,alexnet_1436,6.780,0
,alexnet_142,9.961,0
,alexnet_1203,22.597,0
,alexnet_936,16.906,0
,alexnet_1619,19.624,0
,alexnet_516,25.593,0
,alexnet_1579,19.024,0
,alexnet_1000,16.897,0
,alexnet_1556,13.801,0
,alexnet_406,13.127,0
,alexnet_313,21.839,0
,alexnet_1427,11.475,0
,alexnet_339,24.228,0
,alexnet_1674,12.946,0
,alexnet_1234,6.008,0
,alexnet_1542,27.248,0
,alexnet_250,7.759,0
,alexnet_1863,15.354,0
,alexnet_1186,11.243,0
,alexnet_1667,15.577,0
,alexnet_774,11.614,0
,alexnet_1456,7.749,0
,alexnet_1446,10.615,0
,alexnet_1067,7.164,0
,alexnet_582,5.891,0
,alexnet_1207,20.566,0
,alexnet_903,21.036,0
,alexnet_1750,11.118,0
,alexnet_308,13.690,0
,alexnet_1806,21.250,0
,alexnet_602,15.017,0
,alexnet_1131,9.971,0
,alexnet_174,16.788,0
,alexnet_1391,11.771,0
,alexnet_864,34.579,0
,alexnet_1195,18.184,0
,alexnet_492,18.897,0
,alexnet_1789,9.675,0
,alexnet_623,24.458,0
,alexnet_932,12.296,0
,alexnet_234,11.437,0
,alexnet_1220,8.721,0
,alexnet_1078,11.581,0
,alexnet_1843,9.972,0
,alexnet_1400,16.199,0
,alexnet_1124,7.401,0
,alexnet_434,17.531,0
,alexnet_1819,20.014,0
,alexnet_1714,26.432,0
,alexnet_50,8.822,0
,alexnet_930,19.976,0
,alexnet_713,14.009,0
,alexnet_1206,19.742,0
,alexnet_1370,15.665,0
,alexnet_1536,27.247,0
,alexnet_1846,9.415,0
,alexnet_631,13.866,0
,alexnet_573,13.201,0
,alexnet_995,11.897,0
,alexnet_1655,16.023,0
,alexnet_1630,17.539,0
,alexnet_696,7.185,0
,alexnet_1386,17.815,0
,alexnet_1672,28.201,0
,alexnet_887,24.120,0
,alexnet_1617,23.117,0
,alexnet_1021,18.787,0
,alexnet_262,27.745,0
,alexnet_811,15.591,0
,alexnet_1210,16.682,0
,alexnet_112,9.093,0
,alexnet_1962,23.963,0
,alexnet_1263,20.090,0
,alexnet_441,20.307,0
,alexnet_677,6.731,0
,alexnet_646,20.120,0
,alexnet_921,18.363,0
,alexnet_1292,24.625,0
,alexnet_63,9.968,0
,alexnet_1061,11.361,0
,alexnet_506,21.638,0
,alexnet_546,16.820,0
,alexnet_139,7.807,0
,alexnet_274,19.367,0
,alexnet_397,7.853,0
,alexnet_1038,35.354,0
,alexnet_353,8.244,0
,alexnet_392,7.516,0
,alexnet_1925,9.150,0
,alexnet_226,19.714,0
,alexnet_1740,7.011,0
,alexnet_1164,15.432,0
,alexnet_1983,15.507,0
,alexnet_81,6.168,0
,alexnet_303,5.969,0
,alexnet_1940,11.752,0
,alexnet_1184,10.227,0
,alexnet_1045,10.867,0
,alexnet_254,18.752,0
,alexnet_264,21.668,0
,alexnet_1270,16.277,0
,alexnet_653,24.978,0
,alexnet_150,8.087,0
,alexnet_1823,7.294,0
,alexnet_28,13.481,0
,alexnet_429,22.697,0
,alexnet_801,16.437,0
,alexnet_1471,7.337,0
,alexnet_1177,31.811,0
,alexnet_501,16.942,0
,alexnet_738,23.346,0
,alexnet_383,8.513,0
,alexnet_1641,17.624,0
,alexnet_859,8.431,0
,alexnet_135,8.035,0
,alexnet_826,13.661,0
,alexnet_1396,6.906,0
,alexnet_1365,17.040,0
,alexnet_1117,10.097,0
,alexnet_1646,30.279,0
,alexnet_371,29.555,0
,alexnet_1368,9.219,0
,alexnet_1530,7.502,0
,alexnet_493,11.296,0
,alexnet_1081,4.764,0
,alexnet_1832,19.392,0
,alexnet_601,20.483,0
,alexnet_1241,4.611,0
,alexnet_263,11.101,0
,alexnet_1306,10.442,0
,alexnet_577,10.619,0
,alexnet_97,9.948,0
,alexnet_149,12.989,0
,alexnet_567,28.851,0
,alexnet_1474,23.148,0
,alexnet_1957,9.349,0
,alexnet_1373,19.457,0
,alexnet_1720,11.966,0
,alexnet_1462,23.877,0
,alexnet_98,7.505,0
,alexnet_783,11.906,0
,alexnet_578,19.657,0
,alexnet_1804,14.502,0
,alexnet_1946,13.946,0
,alexnet_1612,9.052,0
,alexnet_1737,11.596,0
,alexnet_1408,7.934,0
,alexnet_389,11.202,0
,alexnet_90,4.552,0
,alexnet_355,14.007,0
,alexnet_1219,5.084,0
,alexnet_1023,11.348,0
,alexnet_870,21.687,0
,alexnet_1805,14.367,0
,alexnet_648,14.154,0
,alexnet_1160,7.509,0
,alexnet_742,12.702,0
,alexnet_912,3.745,0
,alexnet_56,4.887,0
,alexnet_1908,3.119,0
,alexnet_1015,18.375,0
,alexnet_1869,10.637,0
,alexnet_770,7.522,0
,alexnet_228,4.980,0
,alexnet_542,9.747,0
,alexnet_1660,15.999,0
,alexnet_1173,18.391,0
,alexnet_1421,14.288,0
,alexnet_564,20.731,0
,alexnet_421,12.469,0
,alexnet_823,13.877,0
,alexnet_1245,14.899,0
,alexnet_744,8.567,0
,alexnet_1514,14.998,0
,alexnet_231,13.766,0
,alexnet_776,12.077,0
,alexnet_1703,11.025,0
,alexnet_1465,7.286,0
,alexnet_628,8.605,0
,alexnet_209,10.254,0
,alexnet_599,12.533,0
,alexnet_245,8.557,0
,alexnet_982,10.560,0
,alexnet_664,8.442,0
,alexnet_1028,4.744,0
,alexnet_1921,27.084,0
,alexnet_799,14.403,0
,alexnet_931,4.311,0
,alexnet_939,7.048,0
,alexnet_1753,15.221,0
,alexnet_535,13.665,0
,alexnet_1538,10.272,0
,alexnet_19,11.753,0
,alexnet_1349,13.501,0
,alexnet_758,12.038,0
,alexnet_202,19.385,0
,alexnet_999,15.389,0
,alexnet_700,19.053,0
,alexnet_1796,13.529,0
,alexnet_1554,19.157,0
,alexnet_20,8.565,0
,alexnet_579,17.742,0
,alexnet_445,16.054,0
,alexnet_196,11.200,0
,alexnet_1340,17.779,0
,alexnet_1142,30.218,0
,alexnet_1614,19.335,0
,alexnet_1330,20.168,0
,alexnet_1694,17.353,0
,alexnet_343,20.374,0
,alexnet_489,11.428,0
,alexnet_409,23.341,0
,alexnet_1914,10.210,0
,alexnet_710,20.068,0
,alexnet_548,7.269,0
,alexnet_894,33.662,0
,alexnet_475,13.014,0
,alexnet_318,10.524,0
,alexnet_1297,3.823,0
,alexnet_53,9.576,0
,alexnet_879,9.092,0
,alexnet_1264,19.413,0
,alexnet_305,7.996,0
,alexnet_591,10.380,0
,alexnet_1761,11.950,0
,alexnet_1433,8.798,0
,alexnet_1047,7.911,0
,alexnet_395,4.885,0
,alexnet_1412,10.590,0
,alexnet_320,10.161,0
,alexnet_991,15.654,0
,alexnet_338,18.163,0
,alexnet_1416,14.886,0
,alexnet_1621,12.812,0
,alexnet_1305,10.404,0
,alexnet_82,4.859,0
,alexnet_1777,15.452,0
,alexnet_1608,32.316,0
,alexnet_1127,8.914,0
,alexnet_554,14.480,0
,alexnet_390,12.052,0
,alexnet_381,28.635,0
,alexnet_850,10.973,0
,alexnet_974,11.966,0
,alexnet_217,17.527,0
,alexnet_1785,13.437,0
,alexnet_17,7.963,0
,alexnet_460,10.874,0
,alexnet_735,4.321,0
,alexnet_1566,13.479,0
,alexnet_64,8.238,0
,alexnet_1229,19.204,0
,alexnet_1833,5.469,0
,alexnet_1866,6.050,0
,alexnet_298,14.449,0
,alexnet_673,6.146,0
,alexnet_1429,15.025,0
,alexnet_656,11.807,0
,alexnet_586,3.384,0
,alexnet_1964,15.442,0
,alexnet_342,11.976,0
,alexnet_457,11.202,0
,alexnet_1071,9.460,0
,alexnet_922,32.456,0
,alexnet_1547,20.785,0
,alexnet_18,3.891,0
,alexnet_474,15.295,0
,alexnet_533,16.421,0
,alexnet_1751,23.057,0
,alexnet_992,21.585,0
,alexnet_843,15.455,0
,alexnet_1439,23.540,0
,alexnet_1564,22.717,0
,alexnet_662,14.302,0
,alexnet_398,19.876,0
,alexnet_1490,11.147,0
,alexnet_1910,17.618,0
,alexnet_1803,11.065,0
,alexnet_1729,12.636,0
,alexnet_32,4.699,0
,alexnet_413,18.583,0
,alexnet_361,13.320,0
,alexnet_1343,15.261,0
,alexnet_1707,18.194,0
,alexnet_909,10.146,0
,alexnet_380,14.873,0
,alexnet_1399,21.520,0
,alexnet_1311,11.729,0
,alexnet_933,4.676,0
,alexnet_58,6.128,0
,alexnet_1887,12.825,0
,alexnet_1428,8.896,0
,alexnet_1190,13.227,0
,alexnet_1892,18.443,0
,alexnet_832,16.344,0
,alexnet_946,10.764,0
,alexnet_1455,16.320,0
,alexnet_1498,7.409,0
,alexnet_431,17.260,0
,alexnet_1840,13.317,0
,alexnet_369,15.486,0
,alexnet_1194,17.169,0
,alexnet_1109,26.335,0
,alexnet_1318,23.772,0
,alexnet_1995,23.036,0
,alexnet_984,18.180,0
,alexnet_108,4.695,0
,alexnet_972,10.436,0
,alexnet_603,10.704,0
,alexnet_497,16.218,0
,alexnet_679,4.326,0
,alexnet_1726,12.470,0
,alexnet_265,6.116,0
,alexnet_906,14.642,0
,alexnet_1341,9.085,0
,alexnet_1535,10.512,0
,alexnet_152,9.051,0
,alexnet_373,8.372,0
,alexnet_1267,12.284,0
,alexnet_461,21.410,0
,alexnet_169,21.215,0
,alexnet_755,16.250,0
,alexnet_1886,14.156,0
,alexnet_1052,5.014,0
,alexnet_23,3.879,0
,alexnet_1710,9.601,0
,alexnet_1348,31.288,0
,alexnet_1770,10.520,0
,alexnet_1657,15.040,0
,alexnet_1344,17.665,0
,alexnet_1795,18.192,0
,alexnet_1741,27.903,0
,alexnet_359,17.431,0
,alexnet_1024,7.709,0
,alexnet_636,6.187,0
,alexnet_267,18.791,0
,alexnet_1458,17.829,0
,alexnet_1926,13.681,0
,alexnet_780,10.443,0
,alexnet_79,16.257,0
,alexnet_1046,12.058,0
,alexnet_1829,13.338,0
,alexnet_1073,11.038,0
,alexnet_277,12.336,0
,alexnet_1431,20.730,0
,alexnet_1643,9.863,0
,alexnet_407,11.325,0
,alexnet_839,10.802,0
,alexnet_1757,15.670,0
,alexnet_797,12.069,0
,alexnet_76,11.441,0
,alexnet_1576,11.520,0
,alexnet_726,27.231,0
,alexnet_309,10.515,0
,alexnet_1627,20.140,0
,alexnet_1271,3.224,0
,alexnet_958,16.943,0
,alexnet_1501,21.644,0
,alexnet_207,21.408,0
,alexnet_1645,14.628,0
,alexnet_608,20.454,0
,alexnet_856,7.804,0
,alexnet_1437,7.481,0
,alexnet_1575,2.520,0
,alexnet_1531,23.234,0
,alexnet_1407,13.033,0
,alexnet_1809,13.578,0
,alexnet_809,11.119,0
,alexnet_1338,17.953,0
,alexnet_529,14.053,0
,alexnet_479,12.435,0
,alexnet_1557,5.504,0
,alexnet_1581,18.935,0
,alexnet_987,11.695,0
,alexnet_1457,10.669,0
,alexnet_976,12.488,0
,alexnet_1927,6.510,0
,alexnet_980,20.599,0
,alexnet_1327,23.346,0
,alexnet_412,16.488,0
,alexnet_188,7.551,0
,alexnet_233,15.334,0
,alexnet_915,21.705,0
,alexnet_80,20.150,0
,alexnet_387,6.375,0
,alexnet_1663,13.061,0
,alexnet_1280,5.230,0
,alexnet_1738,15.450,0
,alexnet_449,14.606,0
,alexnet_1394,14.654,0
,alexnet_1314,8.821,0
,alexnet_1096,11.338,0
,alexnet_952,8.246,0
,alexnet_1941,4.499,0
,alexnet_1802,16.253,0
,alexnet_1911,12.161,0
,alexnet_1255,12.157,0
,alexnet_386,13.575,0
,alexnet_731,13.281,0
,alexnet_316,6.352,0
,alexnet_536,15.682,0
,alexnet_1841,9.241,0
,alexnet_1951,9.922,0
,alexnet_366,9.937,0
,alexnet_1098,13.132,0
,alexnet_1790,19.492,0
,alexnet_1742,13.979,0
,alexnet_1628,14.333,0
,alexnet_362,11.738,0
,alexnet_551,16.839,0
,alexnet_1868,7.216,0
,alexnet_1002,3.463,0
,alexnet_1611,15.819,0
,alexnet_852,19.577,0
,alexnet_1316,20.333,0
,alexnet_1982,8.013,0
,alexnet_1658,12.713,0
,alexnet_981,13.138,0
,alexnet_1991,24.643,0
,alexnet_393,11.626,0
,alexnet_1686,10.279,0
,alexnet_293,27.500,0
,alexnet_1508,15.625,0
,alexnet_942,5.804,0
,alexnet_1237,25.757,0
,alexnet_1080,7.472,0
,alexnet_1759,6.796,0
,alexnet_1725,7.885,0
,alexnet_853,7.283,0
,alexnet_1903,9.707,0
,alexnet_324,10.268,0
,alexnet_114,8.830,0
,alexnet_1216,25.090,0
,alexnet_167,7.558,0
,alexnet_1731,32.330,0
,alexnet_741,8.216,0
,alexnet_1011,24.942,0
,alexnet_1661,26.697,0
,alexnet_1553,14.801,0
,alexnet_862,10.834,0
,alexnet_1403,16.169,0
,alexnet_1268,15.712,0
,alexnet_401,4.249,0
,alexnet_345,13.775,0
,alexnet_1718,12.742,0
,alexnet_1385,16.589,0
,alexnet_754,7.280,0
,alexnet_1010,9.577,0
,alexnet_994,7.736,0
,alexnet_1708,9.754,0
,alexnet_1994,16.588,0
,alexnet_1631,12.291,0
,alexnet_1864,4.767,0
,alexnet_1016,5.323,0
,alexnet_170,19.243,0
,alexnet_1331,8.907,0
,alexnet_1518,21.816,0
,alexnet_1204,26.937,0
,alexnet_1786,18.547,0
,alexnet_1620,15.731,0
,alexnet_1089,14.544,0
,alexnet_1938,3.843,0
,alexnet_1202,5.643,0
,alexnet_970,9.866,0
,alexnet_454,19.694,0
,alexnet_978,11.217,0
,alexnet_1524,9.355,0
,alexnet_1068,6.677,0
,alexnet_1545,7.435,0
,alexnet_1616,16.436,0
,alexnet_490,6.950,0
,alexnet_880,27.372,0
,alexnet_1048,10.890,0
,alexnet_214,7.328,0
,alexnet_408,27.592,0
,alexnet_1592,27.564,0
,alexnet_1730,10.397,0
,alexnet_248,3.243,0
,alexnet_194,22.319,0
,alexnet_415,31.351,0
,alexnet_1464,6.327,0
,alexnet_351,5.124,0
,alexnet_1904,44.532,0
,alexnet_349,15.372,0
,alexnet_563,12.247,0
,alexnet_15,6.033,0
,alexnet_166,9.535,0
,alexnet_1539,10.417,0
,alexnet_1294,2.715,0
,alexnet_1571,4.347,0
,alexnet_1413,8.243,0
,alexnet_185,22.158,0
,alexnet_444,18.177,0
,alexnet_1469,13.476,0
,alexnet_1666,24.489,0
,alexnet_1231,13.998,0
,alexnet_249,14.509,0
,alexnet_1384,13.393,0
,alexnet_4,27.494,0
,alexnet_719,10.974,0
,alexnet_29,22.254,0
,alexnet_218,21.754,0
,alexnet_711,11.718,0
,alexnet_1288,12.592,0
,alexnet_1337,6.259,0
,alexnet_795,11.665,0
,alexnet_224,14.958,0
,alexnet_891,14.503,0
,alexnet_1324,16.159,0
,alexnet_315,5.156,0
,alexnet_1074,9.768,0
,alexnet_208,12.050,0
,alexnet_206,9.924,0
,alexnet_1873,15.931,0
,alexnet_765,6.552,0
,alexnet_1357,27.635,0
,alexnet_61,20.964,0
,alexnet_1929,11.230,0
,alexnet_1820,25.507,0
,alexnet_399,8.857,0
,alexnet_1815,6.809,0
,alexnet_437,8.806,0
,alexnet_1275,12.638,0
,alexnet_1146,9.399,0
,alexnet_1913,12.503,0
,alexnet_1087,23.507,0
,alexnet_1350,19.251,0
,alexnet_1588,11.087,0
,alexnet_1222,9.860,0
,alexnet_793,23.439,0
,alexnet_1191,14.343,0
,alexnet_967,10.874,0
,alexnet_740,23.994,0
,alexnet_1304,16.795,0
,alexnet_1509,26.893,0
,alexnet_1018,5.634,0
,alexnet_222,17.529,0
,alexnet_661,21.626,0
,alexnet_1092,16.286,0
,alexnet_627,12.442,0
,alexnet_1507,6.233,0
,alexnet_471,12.431,0
,alexnet_1934,12.637,0
,alexnet_44,4.014,0
,alexnet_49,8.544,0
,alexnet_1044,12.388,0
,alexnet_854,19.680,0
,alexnet_1088,19.896,0
,alexnet_796,12.841,0
,alexnet_363,11.168,0
,alexnet_1912,17.755,0
,alexnet_699,5.947,0
,alexnet_1685,9.791,0
,alexnet_95,13.646,0
,alexnet_998,16.253,0
,alexnet_752,8.490,0
,alexnet_1137,4.575,0
,alexnet_377,29.587,0
,alexnet_1533,12.721,0
,alexnet_173,23.337,0
,alexnet_1475,15.482,0
,alexnet_1939,7.183,0
,alexnet_1258,3.461,0
,alexnet_1687,8.371,0
,alexnet_1671,8.671,0
,alexnet_124,33.228,0
,alexnet_1778,10.918,0
,alexnet_1257,18.390,0
,alexnet_384,18.456,0
,alexnet_1976,7.512,0
,alexnet_1591,10.177,0
,alexnet_1858,15.786,0
,alexnet_1287,13.790,0
,alexnet_1192,9.108,0
,alexnet_1673,12.395,0
,alexnet_1578,7.514,0
,alexnet_851,11.685,0
,alexnet_1295,14.152,0
,alexnet_642,10.409,0
,alexnet_792,26.598,0
,alexnet_1390,19.514,0
,alexnet_8,9.278,0
,alexnet_685,12.273,0
,alexnet_311,22.711,0
,alexnet_5,5.871,0
,alexnet_368,4.646,0
,alexnet_798,22.559,0
,alexnet_376,8.466,0
,alexnet_400,17.285,0
,alexnet_1136,5.960,0
,alexnet_1598,22.000,0
,alexnet_1654,6.140,0
,alexnet_464,12.581,0
,alexnet_467,25.821,0
,alexnet_1392,6.196,0
,alexnet_1170,6.909,0
,alexnet_624,9.746,0
,alexnet_583,4.836,0
,alexnet_11,5.850,0
,alexnet_153,12.105,0
,alexnet_621,14.672,0
,alexnet_1054,8.693,0
,alexnet_800,8.253,0
,alexnet_585,8.527,0
,alexnet_1211,20.606,0
,alexnet_515,6.503,0
,alexnet_1273,9.942,0
,alexnet_1918,21.606,0
,alexnet_160,7.522,0
,alexnet_1253,7.192,0
,alexnet_1855,9.136,0
,alexnet_1145,14.111,0
,alexnet_941,11.876,0
,alexnet_865,17.970,0
,alexnet_791,11.933,0
,alexnet_300,8.895,0
,alexnet_549,11.054,0
,alexnet_57,22.951,0
,alexnet_709,12.494,0
,alexnet_898,22.092,0
,alexnet_1704,11.332,0
,alexnet_1856,15.377,0
,alexnet_654,23.395,0
,alexnet_1303,14.798,0
,alexnet_1850,6.588,0
,alexnet_701,7.294,0
,alexnet_1680,20.698,0
,alexnet_411,5.859,0
,alexnet_306,16.242,0
,alexnet_873,11.544,0
,alexnet_996,9.944,0
,alexnet_1555,15.471,0
,alexnet_54,8.842,0
,alexnet_253,15.804,0
,alexnet_1883,4.446,0
,alexnet_1232,16.249,0
,alexnet_1333,8.620,0
,alexnet_1590,18.419,0
,alexnet_1152,13.400,0
,alexnet_794,8.791,0
,alexnet_1378,20.536,0
,alexnet_1924,19.365,0
,alexnet_83,10.414,0
,alexnet_1032,16.333,0
,alexnet_465,11.963,0
,alexnet_1254,10.090,0
,alexnet_1441,12.173,0
,alexnet_331,5.333,0
,alexnet_115,8.688,0
,alexnet_528,10.283,0
,alexnet_1282,21.641,0
,alexnet_1583,7.203,0
,alexnet_1626,13.814,0
,alexnet_1380,3.110,0
,alexnet_1763,16.261,0
,alexnet_242,14.599,0
,alexnet_200,9.701,0
,alexnet_184,6.145,0
,alexnet_1961,8.759,0
,alexnet_1461,13.099,0
,alexnet_1624,15.579,0
,alexnet_1328,12.159,0
,alexnet_1838,16.582,0
,alexnet_683,19.303,0
,alexnet_189,11.380,0
,alexnet_526,13.002,0
,alexnet_469,21.212,0
,alexnet_1236,17.853,0
,alexnet_1586,11.380,0
,alexnet_816,20.522,0
,alexnet_46,23.530,0
,alexnet_370,10.347,0
,alexnet_1862,5.443,0
,alexnet_867,4.039,0
,alexnet_1444,18.777,0
,alexnet_913,4.544,0
,alexnet_292,3.750,0
,alexnet_1360,10.594,0
,alexnet_807,13.352,0
,alexnet_1388,5.448,0
,alexnet_1130,18.806,0
,alexnet_1585,16.235,0
,alexnet_1251,10.772,0
,alexnet_1543,20.212,0
,alexnet_874,6.889,0
,alexnet_1366,10.193,0
,alexnet_1782,9.348,0
,alexnet_658,7.052,0
,alexnet_344,8.919,0
,alexnet_1001,22.641,0
,alexnet_986,10.275,0
,alexnet_319,6.401,0
,alexnet_1199,7.839,0
,alexnet_1406,3.094,0
,alexnet_525,19.984,0
,alexnet_1594,14.263,0
,alexnet_1734,12.083,0
,alexnet_1313,11.173,0
,alexnet_1102,19.610,0
,alexnet_227,7.479,0
,alexnet_1213,24.988,0
,alexnet_325,5.064,0
,alexnet_1225,14.321,0
,alexnet_1783,13.656,0
,alexnet_1719,10.417,0
,alexnet_1374,12.384,0
,alexnet_1049,18.774,0
,alexnet_665,9.642,0
,alexnet_1670,18.392,0
,alexnet_1634,7.512,0
,alexnet_1108,14.198,0
,alexnet_1769,8.914,0
,alexnet_1997,21.891,0
,alexnet_422,17.641,0
,alexnet_1209,12.887,0
,alexnet_127,14.180,0
,alexnet_821,12.369,0
,alexnet_503,21.670,0
,alexnet_484,13.059,0
,alexnet_534,16.728,0
,alexnet_1993,12.995,0
,alexnet_1974,10.423,0
,alexnet_822,14.728,0
,alexnet_558,7.823,0
,alexnet_985,11.272,0
,alexnet_1787,12.978,0
,alexnet_1062,15.122,0
,alexnet_836,17.020,0
,alexnet_1998,16.439,0
,alexnet_1652,17.048,0
,alexnet_1824,6.479,0
,alexnet_482,21.618,0
,alexnet_1007,24.798,0
,alexnet_1839,16.916,0
,alexnet_537,9.336,0
,alexnet_438,17.209,0
,alexnet_1950,10.955,0
,alexnet_1180,17.521,0
,alexnet_402,21.888,0
,alexnet_808,18.133,0
,alexnet_223,11.157,0
,alexnet_634,22.862,0
,alexnet_1200,27.599,0
,alexnet_1083,27.582,0
,alexnet_403,5.012,0
,alexnet_1774,19.135,0
,alexnet_302,10.382,0
,alexnet_938,16.292,0
,alexnet_1716,29.375,0
,alexnet_288,8.425,0
,alexnet_1372,15.951,0
,alexnet_1637,4.854,0
,alexnet_219,10.031,0
,alexnet_1058,4.623,0
,alexnet_96,14.030,0
,alexnet_446,6.305,0
,alexnet_610,22.060,0
,alexnet_1584,12.567,0
,alexnet_1844,12.352,0
,alexnet_1301,14.378,0
,alexnet_1665,11.018,0
,alexnet_975,10.766,0
,alexnet_1871,30.838,0
,alexnet_1289,4.310,0
,alexnet_356,11.220,0
,alexnet_154,6.393,0
,alexnet_328,14.529,0
,alexnet_1252,38.368,0
,alexnet_148,16.610,0
,alexnet_804,11.717,0
,alexnet_1967,19.314,0
,alexnet_1196,7.119,0
,alexnet_1425,2.170,0
,alexnet_1754,19.189,0
,alexnet_391,5.011,0
,alexnet_1449,9.425,0
,alexnet_13,12.960,0
,alexnet_210,9.956,0
,alexnet_1814,20.050,0
,alexnet_143,9.612,0
,alexnet_1882,20.630,0
,alexnet_272,11.534,0
,alexnet_916,15.363,0
,alexnet_225,41.531,0
,alexnet_1097,4.047,0
,alexnet_93,9.995,0
,alexnet_1382,23.047,0
,alexnet_1322,22.927,0
,alexnet_617,7.287,0
,alexnet_660,11.973,0
,alexnet_1377,5.534,0
,alexnet_759,6.576,0
,alexnet_1336,24.395,0
,alexnet_1959,30.068,0
,alexnet_1166,14.314,0
,alexnet_468,13.216,0
,alexnet_1902,10.160,0
,alexnet_790,27.503,0
,alexnet_1602,9.015,0
,alexnet_508,4.193,0
,alexnet_1499,11.232,0
,alexnet_414,11.089,0
,alexnet_1383,7.336,0
,alexnet_30,14.160,0
,alexnet_43,35.849,0
,alexnet_199,12.958,0
,alexnet_1517,18.277,0
,alexnet_432,24.582,0
,alexnet_485,8.667,0
,alexnet_1218,16.786,0
,alexnet_121,18.147,0
,alexnet_1999,20.658,0
,alexnet_855,8.628,0
,alexnet_626,24.948,0
,alexnet_336,18.451,0
,alexnet_290,6.948,0
,alexnet_547,15.650,0
,alexnet_1693,23.448,0
,alexnet_989,14.227,0
,alexnet_749,21.819,0
,alexnet_531,16.415,0
,alexnet_1302,9.653,0
,alexnet_1409,20.481,0
,alexnet_1932,16.335,0
,alexnet_113,6.402,0
,alexnet_157,26.774,0
,alexnet_481,6.488,0
,alexnet_1896,28.393,0
,alexnet_65,14.406,0
,alexnet_572,9.879,0
,alexnet_878,18.219,0
,alexnet_1609,9.921,0
,alexnet_565,3.573,0
,alexnet_1561,5.279,0
,alexnet_337,6.099,0
,alexnet_729,13.169,0
,alexnet_1296,13.397,0
,alexnet_240,3.902,0
,alexnet_929,18.398,0
,alexnet_556,19.058,0
,alexnet_1920,7.941,0
,alexnet_212,13.029,0
,alexnet_1505,7.985,0
,alexnet_1739,11.597,0
,alexnet_1031,9.403,0
,alexnet_133,37.769,0
,alexnet_291,11.952,0
,alexnet_871,6.244,0
,alexnet_1084,9.422,0
,alexnet_813,22.475,0
,alexnet_463,7.281,0
,alexnet_365,21.305,0
,alexnet_1165,15.045,0
,alexnet_1700,5.997,0
,alexnet_868,17.311,0
,alexnet_176,20.533,0
,alexnet_177,22.545,0
,alexnet_703,9.522,0
,alexnet_1079,10.595,0
,alexnet_632,3.346,0
,alexnet_1075,12.158,0
,alexnet_495,13.157,0
,alexnet_1197,20.437,0
,alexnet_1711,13.327,0
,alexnet_977,9.344,0
,alexnet_1035,14.440,0
,alexnet_284,34.662,0
,alexnet_1312,9.856,0
,alexnet_442,10.312,0
,alexnet_1037,13.310,0
,alexnet_512,12.581,0
,alexnet_1900,8.720,0
,alexnet_388,19.757,0
,alexnet_733,4.193,0
,alexnet_134,10.774,0
,alexnet_695,22.968,0
,alexnet_89,6.226,0
,alexnet_1502,22.053,0
,alexnet_1143,6.383,0
,alexnet_897,11.752,0
,alexnet_1560,7.309,0
,alexnet_1767,28.004,0
,alexnet_125,13.220,0
,alexnet_1095,33.572,0
,alexnet_545,6.370,0
,alexnet_1175,4.484,0
,alexnet_1188,21.982,0
,alexnet_458,12.173,0
,alexnet_655,11.598,0
,alexnet_424,24.215,0
,alexnet_348,7.013,0
,alexnet_1682,9.061,0
,alexnet_1988,15.787,0
,alexnet_1424,15.810,0
,alexnet_876,9.149,0
,alexnet_1212,12.499,0
,alexnet_1277,7.089,0
,alexnet_221,22.326,0
,alexnet_1735,17.338,0
,alexnet_1969,13.087,0
,alexnet_810,12.950,0
,alexnet_1239,5.824,0
,alexnet_476,5.941,0
,alexnet_612,18.218,0
,alexnet_1103,8.340,0
,alexnet_1,14.819,0
,alexnet_1250,18.018,0
,alexnet_1422,14.999,0
,alexnet_1574,5.288,0
,alexnet_417,7.050,0
,alexnet_1244,4.708,0
,alexnet_1226,18.766,0
,alexnet_1361,8.440,0
,alexnet_680,10.162,0
,alexnet_1389,14.599,0
,alexnet_530,3.745,0
,alexnet_1808,5.857,0
,alexnet_1135,15.702,0
,alexnet_1884,3.477,0
,alexnet_1033,15.742,0
,alexnet_48,7.662,0
,alexnet_510,22.413,0
,alexnet_736,11.040,0
,alexnet_220,25.639,0
,alexnet_1928,27.656,0
,alexnet_215,14.752,0
,alexnet_846,27.626,0
,alexnet_123,7.665,0
,alexnet_141,18.965,0
,alexnet_1039,11.586,0
,alexnet_1984,5.213,0
,alexnet_674,3.468,0
,alexnet_1418,7.190,0
,alexnet_192,14.139,0
,alexnet_238,6.986,0
,alexnet_1692,14.641,0
,alexnet_1050,13.593,0
,alexnet_1307,40.442,0
,alexnet_944,12.994,0
,alexnet_818,12.876,0
,alexnet_190,9.682,0
,alexnet_1417,8.883,0
,alexnet_1931,24.402,0
,alexnet_773,13.267,0
,alexnet_379,8.001,0
,alexnet_1476,13.237,0
,alexnet_960,7.297,0
,alexnet_1147,18.215,0
,alexnet_1285,24.253,0
,alexnet_717,32.949,0
,alexnet_920,16.622,0
,alexnet_833,4.445,0
,alexnet_893,16.346,0
,alexnet_1550,16.860,0
,alexnet_110,15.432,0
,alexnet_1110,5.902,0
,alexnet_1537,17.451,0
,alexnet_1519,12.325,0
,alexnet_538,13.493,0
,alexnet_1477,16.305,0
,alexnet_1936,5.470,0
,alexnet_126,9.667,0
,alexnet_1500,9.338,0
,alexnet_1022,7.896,0
,alexnet_1488,11.166,0
,alexnet_504,5.065,0
,alexnet_732,8.978,0
,alexnet_106,7.137,0
,alexnet_1923,15.747,0
,alexnet_1835,7.980,0
,alexnet_427,25.271,0
,alexnet_491,12.820,0
,alexnet_1743,6.599,0
,alexnet_596,8.223,0
,alexnet_1492,16.243,0
,alexnet_1755,7.688,0
,alexnet_237,31.266,0
,alexnet_1321,15.573,0
,alexnet_1541,26.390,0
,alexnet_753,8.069,0
,alexnet_875,12.724,0
,alexnet_1099,15.786,0
,alexnet_1420,15.265,0
,alexnet_1026,34.949,0
,alexnet_847,39.479,0
,alexnet_979,9.385,0
,alexnet_1980,23.692,0
,alexnet_256,5.975,0
,alexnet_1169,9.578,0
,alexnet_825,30.154,0
,alexnet_1695,21.995,0
,alexnet_140,8.136,0
,alexnet_1132,7.387,0
,alexnet_914,6.812,0
,alexnet_1623,5.238,0
,alexnet_1595,8.965,0
,alexnet_1822,4.921,0
,alexnet_1126,15.071,0
,alexnet_1570,7.507,0
,alexnet_38,13.509,0
,alexnet_817,10.856,0
,alexnet_1111,15.947,0
,alexnet_285,9.516,0
,alexnet_708,17.257,0
,alexnet_1371,18.308,0
,alexnet_1155,5.538,0
,alexnet_1520,8.769,0
,alexnet_494,4.898,0
,alexnet_1559,10.361,0
,alexnet_119,17.138,0
,alexnet_625,9.794,0
,alexnet_576,13.799,0
,alexnet_1014,20.150,0
,alexnet_633,10.115,0
,alexnet_1971,18.474,0
,alexnet_181,13.335,0
,alexnet_247,13.864,0
,alexnet_1747,6.056,0
,alexnet_747,7.133,0
,alexnet_1978,7.245,0
,alexnet_1125,8.150,0
,alexnet_72,6.020,0
,alexnet_1607,5.545,0
,alexnet_787,6.395,0
,alexnet_541,13.219,0
,alexnet_1525,13.278,0
,alexnet_1985,10.328,0
,alexnet_629,21.243,0
,alexnet_1281,20.203,0
,alexnet_1138,12.235,0
,alexnet_1430,7.426,0
,alexnet_66,5.670,0
,alexnet_1299,11.600,0
,alexnet_156,12.858,0
,alexnet_1764,4.215,0
,alexnet_1909,18.121,0
,alexnet_1701,14.303,0
,alexnet_47,5.947,0
,alexnet_1342,5.671,0
,alexnet_255,26.048,0
,alexnet_687,8.340,0
,alexnet_1935,25.959,0
,alexnet_1937,9.301,0
,alexnet_730,17.505,0
,alexnet_1945,10.519,0
,alexnet_1310,12.396,0
,alexnet_1235,7.219,0
,alexnet_1473,17.531,0
,alexnet_764,5.980,0
,alexnet_1082,10.006,0
,alexnet_925,14.112,0
,alexnet_746,11.191,0
,alexnet_568,19.476,0
,alexnet_1618,9.808,0
,alexnet_1171,20.210,0
,alexnet_111,6.617,0
,alexnet_451,10.403,0
,alexnet_983,24.789,0
,alexnet_721,9.760,0
,alexnet_244,7.359,0
,alexnet_861,5.472,0
,alexnet_1979,14.932,0
,alexnet_1690,7.320,0
,alexnet_251,23.343,0
,alexnet_1027,15.901,0
,alexnet_1954,13.999,0
,alexnet_14,14.231,0
,alexnet_1298,24.946,0
,alexnet_312,9.910,0
,alexnet_211,28.313,0
,alexnet_235,6.730,0
,alexnet_707,10.926,0
,alexnet_1376,15.740,0
,alexnet_1551,19.490,0
,alexnet_466,7.606,0
,alexnet_1029,7.691,0
,alexnet_1454,7.272,0
,alexnet_718,19.243,0
,alexnet_1688,23.281,0
,alexnet_659,11.652,0
,alexnet_129,9.524,0
,alexnet_584,20.879,0
,alexnet_102,16.493,0
,alexnet_905,17.497,0
,alexnet_1249,18.105,0
,alexnet_1582,27.539,0
,alexnet_639,17.156,0
,alexnet_332,8.980,0
,alexnet_78,3.585,0
,alexnet_1745,18.349,0
,alexnet_1482,7.500,0
,alexnet_67,10.110,0
,alexnet_1748,10.777,0
,alexnet_1776,7.577,0
,alexnet_1597,10.057,0
,alexnet_1334,9.536,0
,alexnet_706,7.851,0
,alexnet_618,11.895,0
,alexnet_1181,7.970,0
,alexnet_1821,13.238,0
,alexnet_354,13.515,0
,alexnet_1140,12.852,0
,alexnet_1448,29.439,0
,alexnet_276,9.024,0
,alexnet_1781,15.430,0
,alexnet_961,9.077,0
,alexnet_3,10.318,0
,alexnet_949,23.199,0
,alexnet_439,19.570,0
,alexnet_1260,8.481,0
,alexnet_1185,9.176,0
,alexnet_1223,8.524,0
,alexnet_286,11.704,0
,alexnet_1791,9.487,0
,alexnet_1943,10.137,0
,alexnet_1947,10.372,0
,alexnet_1603,26.761,0
,alexnet_1668,17.699,0
,alexnet_737,8.767,0
,alexnet_667,16.524,0
,alexnet_1034,6.357,0
,alexnet_881,7.032,0
,alexnet_448,19.323,0
,alexnet_690,31.891,0
,alexnet_128,22.991,0
,alexnet_782,7.988,0
,alexnet_622,14.609,0
,alexnet_924,24.085,0
,alexnet_31,9.598,0
,alexnet_1867,19.323,0
,alexnet_635,7.419,0
,alexnet_676,9.441,0
,alexnet_1885,11.209,0
,alexnet_769,12.298,0
,alexnet_990,17.085,0
,alexnet_1063,18.960,0
,alexnet_1691,7.248,0
,alexnet_99,15.204,0
,alexnet_1933,15.542,0
,alexnet_52,36.319,0
,alexnet_1698,8.462,0
,alexnet_1847,5.255,0
,alexnet_62,6.206,0
,alexnet_727,10.063,0
,alexnet_1709,10.031,0
,alexnet_692,7.791,0
,alexnet_358,4.260,0
,alexnet_1792,8.736,0
,alexnet_866,8.680,0
,alexnet_615,5.161,0
,alexnet_1944,23.807,0
,alexnet_684,7.612,0
,alexnet_1813,13.348,0
,alexnet_1243,9.928,0
,alexnet_1012,11.657,0
,alexnet_1154,10.852,0
,alexnet_831,10.792,0
,alexnet_702,5.590,0
,alexnet_333,15.409,0
,alexnet_691,19.667,0
,alexnet_954,8.160,0
,alexnet_71,15.873,0
,alexnet_25,11.031,0
,alexnet_1041,26.447,0
,alexnet_590,4.651,0
,alexnet_279,11.544,0
,alexnet_88,11.997,0
,alexnet_2,19.438,0
,alexnet_1163,21.697,0
,alexnet_205,17.016,0
,alexnet_1523,8.877,0
,alexnet_294,27.363,0
,alexnet_1818,15.550,0
,alexnet_183,11.170,0
,alexnet_487,8.465,0
,alexnet_1057,15.212,0
,alexnet_1736,12.513,0
,alexnet_1176,7.227,0
,alexnet_198,10.705,0
,alexnet_1733,11.965,0
,alexnet_462,6.774,0
,alexnet_805,13.241,0
,alexnet_669,23.468,0
,alexnet_1278,39.914,0
,alexnet_1086,9.851,0
,alexnet_1605,9.421,0
,alexnet_1367,9.855,0
,alexnet_1064,17.305,0
,alexnet_334,8.315,0
,alexnet_60,16.566,0
,alexnet_1291,6.953,0
,alexnet_1773,11.347,0
,alexnet_1826,8.060,0
,alexnet_175,8.903,0
,alexnet_1329,15.128,0
,alexnet_959,7.562,0
,alexnet_686,19.680,0
,alexnet_598,19.089,0
,alexnet_1006,11.804,0
,alexnet_1653,13.006,0
,alexnet_268,22.840,0
,alexnet_453,26.752,0
,alexnet_605,7.525,0
,alexnet_888,16.217,0
,alexnet_1644,8.161,0
,alexnet_1901,41.930,0
,alexnet_258,26.702,0
,alexnet_473,8.282,0
,alexnet_1261,5.706,0
,alexnet_1495,14.493,0
,alexnet_1895,14.725,0
,alexnet_1189,6.729,0
,alexnet_1960,16.906,0
,alexnet_1891,20.009,0
,alexnet_1622,12.565,0
,alexnet_1596,8.937,0
,alexnet_478,10.528,0
,alexnet_1161,16.750,0
,alexnet_663,17.872,0
,alexnet_1238,15.179,0
,alexnet_1573,9.224,0
,alexnet_559,10.987,0
,alexnet_1148,21.721,0
,alexnet_375,8.391,0
,alexnet_7,6.149,0
,alexnet_266,24.512,0
,alexnet_252,5.080,0
,alexnet_1975,8.341,0
,alexnet_1827,36.333,0
,alexnet_1402,13.159,0
,alexnet_1511,20.042,0
,alexnet_750,9.666,0
,alexnet_347,5.115,0
,alexnet_1090,16.111,0
,alexnet_1642,32.224,0
,alexnet_527,22.244,0
,alexnet_1905,6.310,0
,alexnet_751,21.465,0
,alexnet_641,25.215,0
,alexnet_1182,22.846,0
,alexnet_16,9.991,0
,alexnet_1230,19.789,0
,alexnet_486,2.052,0
,alexnet_1121,11.270,0
,alexnet_36,16.704,0
,alexnet_1765,9.402,0
,alexnet_540,15.225,0
,alexnet_1981,10.021,0
,alexnet_1683,16.627,0
,alexnet_1351,3.490,0
,alexnet_1890,19.000,0
,alexnet_1447,9.272,0
,alexnet_329,24.837,0
,alexnet_425,5.359,0
,alexnet_899,10.815,0
,alexnet_85,16.620,0
,alexnet_45,7.516,0
,alexnet_896,7.683,0
,alexnet_988,10.728,0
,alexnet_1513,7.634,0
,alexnet_600,8.748,0
,alexnet_1233,26.410,0
,alexnet_1724,18.252,0
,alexnet_1272,11.094,0
,alexnet_597,26.431,0
,alexnet_179,31.875,0
,alexnet_1317,10.973,0
,alexnet_1876,17.515,0
,alexnet_1486,13.799,0
,alexnet_806,15.819,0
,alexnet_197,8.934,0
,alexnet_1965,17.231,0
,alexnet_1174,17.492,0
,alexnet_1800,11.956,0
,alexnet_1042,24.013,0
,alexnet_1122,26.829,0
,alexnet_1069,10.124,0
,alexnet_452,4.096,0
,alexnet_1548,17.078,0
,alexnet_1359,14.624,0
,alexnet_1017,10.726,0
,alexnet_261,23.852,0
,alexnet_1248,10.947,0
,alexnet_1106,15.470,0
,alexnet_1515,7.501,0
,alexnet_509,11.799,0
,alexnet_1851,9.518,0
,alexnet_74,13.943,0
,alexnet_766,24.694,0
,alexnet_841,4.543,0
,alexnet_165,30.818,0
,alexnet_513,13.462,0
,alexnet_604,13.566,0
,alexnet_1558,6.764,0
,alexnet_562,12.407,0
,alexnet_1369,10.028,0
,alexnet_314,11.570,0
,alexnet_1784,16.763,0
,alexnet_1635,6.505,0
,alexnet_1779,19.699,0
,alexnet_1880,17.465,0
,alexnet_488,14.738,0
,alexnet_418,6.708,0
,alexnet_1410,14.368,0
,alexnet_1364,10.997,0
,alexnet_950,20.349,0
,alexnet_678,14.202,0
,alexnet_1648,8.546,0
,alexnet_1798,9.429,0
,alexnet_934,7.486,0
,alexnet_532,10.512,0
,alexnet_216,13.643,0
,alexnet_840,13.177,0
,alexnet_760,19.035,0
,alexnet_1315,14.976,0
,alexnet_259,10.647,0
,alexnet_1274,12.161,0
,alexnet_587,7.347,0
,alexnet_1004,4.071,0
,alexnet_1780,25.280,0
,alexnet_1922,22.922,0
,alexnet_1650,18.507,0
,alexnet_911,11.600,0
,alexnet_607,7.559,0
,alexnet_614,6.329,0
,alexnet_785,11.121,0
,alexnet_1640,11.583,0
,alexnet_27,14.340,0
,alexnet_1604,12.487,0
,alexnet_500,31.081,0
,alexnet_1438,17.828,0
,alexnet_940,5.096,0
,alexnet_606,15.555,0
,alexnet_1723,28.224,0
,alexnet_1816,24.642,0
,alexnet_997,11.227,0
,alexnet_900,19.323,0
,alexnet_693,33.332,0
,alexnet_1144,11.003,0
,alexnet_1662,12.102,0
,alexnet_1756,21.299,0
,alexnet_1549,20.432,0
,alexnet_1397,2.765,0
,alexnet_1836,12.561,0
,alexnet_51,15.929,0
,alexnet_962,8.246,0
,alexnet_803,6.043,0
,alexnet_637,6.510,0
,alexnet_1323,9.743,0
,alexnet_757,16.804,0
,alexnet_1300,9.411,0
,alexnet_144,3.205,0
,alexnet_1168,8.295,0
,alexnet_882,20.119,0
,alexnet_943,6.217,0
,alexnet_374,7.078,0
,alexnet_455,14.436,0
,alexnet_937,12.194,0
,alexnet_611,32.332,0
,alexnet_1178,6.887,0
,alexnet_523,9.650,0
,alexnet_1681,33.608,0
,alexnet_566,9.812,0
,alexnet_1600,40.894,0
,alexnet_1917,20.779,0
,alexnet_419,4.461,0
,alexnet_1956,8.727,0
,alexnet_416,5.706,0
,alexnet_778,10.212,0
,alexnet_1889,14.895,0
,alexnet_1870,10.217,0
,alexnet_1056,6.976,0
,alexnet_104,6.044,0
,alexnet_771,25.608,0
,alexnet_1526,8.575,0
,alexnet_1002,3.466,0
,alexnet_1848,29.509,0
,alexnet_296,13.766,0
,alexnet_519,10.711,0
,alexnet_1722,13.175,0
,alexnet_1279,4.268,0
,alexnet_498,11.087,0
,alexnet_768,20.423,0
,alexnet_1020,19.777,0
,alexnet_884,19.358,0
,alexnet_1217,23.924,0
,alexnet_1116,19.795,0
,alexnet_243,19.446,0
,alexnet_715,14.448,0
,alexnet_682,15.409,0
,alexnet_1150,21.493,0
,alexnet_1532,31.281,0
,alexnet_1744,7.621,0
,alexnet_378,16.606,0
,alexnet_1025,20.538,0
,alexnet_1897,19.532,0
,alexnet_1828,13.624,0
,alexnet_12,7.122,0
,alexnet_275,11.130,0
,alexnet_1569,7.069,0
,alexnet_517,7.381,0
,alexnet_101,11.620,0
,alexnet_1030,12.720,0
,alexnet_1070,26.029,0
,alexnet_9,16.782,0
,alexnet_1005,13.632,0
,alexnet_426,8.362,0
,alexnet_204,8.938,0
,alexnet_1358,6.830,0
,alexnet_1093,18.791,0
,alexnet_1966,13.689,0
,alexnet_273,13.889,0
,alexnet_581,26.446,0
,alexnet_630,8.515,0
,alexnet_860,10.381,0
,alexnet_1345,12.816,0
,alexnet_1339,13.829,0
,alexnet_1875,7.468,0
,alexnet_1728,12.568,0
,alexnet_1485,21.837,0
,alexnet_666,14.060,0
,alexnet_640,21.786,0
,alexnet_168,20.996,0
,alexnet_1949,5.025,0
,alexnet_280,22.789,0
,alexnet_1157,10.183,0
,alexnet_1636,20.112,0
,alexnet_722,10.027,0
,alexnet_830,5.699,0
,alexnet_70,13.332,0
,alexnet_926,6.431,0
,alexnet_161,15.821,0
,alexnet_404,12.430,0
,alexnet_1878,12.282,0
,alexnet_784,10.837,0
,alexnet_428,10.354,0
,alexnet_1452,7.060,0
,alexnet_522,18.949,0
,alexnet_68,13.113,0
,alexnet_341,11.399,0
,alexnet_1036,8.493,0
,alexnet_935,10.943,0
,alexnet_824,15.607,0
,alexnet_1193,12.413,0
,alexnet_1467,24.523,0
,alexnet_951,6.005,0
,alexnet_1860,12.587,0
,alexnet_1284,6.901,0
,alexnet_1472,11.969,0
,alexnet_335,17.971,0
,alexnet_1817,7.184,0
,alexnet_1101,9.671,0
,alexnet_1162,8.568,0
,alexnet_22,20.257,0
,alexnet_1799,8.017,0
,alexnet_1043,21.783,0
,alexnet_1788,8.797,0
,alexnet_745,16.814,0
,alexnet_1215,5.010,0
,alexnet_829,12.422,0
,alexnet_1112,9.934,0
,alexnet_1793,33.605,0
,alexnet_1118,10.745,0
,alexnet_786,20.962,0
,alexnet_502,12.764,0
,alexnet_1019,20.185,0
,alexnet_1040,10.232,0
,alexnet_904,10.520,0
,alexnet_1659,13.324,0
,alexnet_1565,9.979,0
,alexnet_964,10.936,0
,alexnet_1460,10.528,0
