,densenet_1634,36.215,0
,densenet_658,32.973,0
,densenet_350,35.360,0
,densenet_1080,34.711,0
,densenet_1580,36.456,0
,densenet_1931,39.016,0
,densenet_1065,51.023,0
,densenet_578,32.737,0
,densenet_1898,43.212,0
,densenet_616,37.508,0
,densenet_1064,38.540,0
,densenet_365,34.568,0
,densenet_1720,40.557,0
,densenet_824,55.837,0
,densenet_1153,36.644,0
,densenet_1966,57.019,0
,densenet_828,47.121,0
,densenet_247,35.362,0
,densenet_1773,35.531,0
,densenet_1436,40.262,0
,densenet_100,37.712,0
,densenet_1004,39.997,0
,densenet_1258,44.521,0
,densenet_820,39.652,0
,densenet_1613,39.569,0
,densenet_857,34.354,0
,densenet_122,47.910,0
,densenet_24,48.181,0
,densenet_504,39.395,0
,densenet_836,36.109,0
,densenet_940,38.522,0
,densenet_16,34.351,0
,densenet_1804,35.697,0
,densenet_322,49.143,0
,densenet_48,42.227,0
,densenet_1949,37.127,0
,densenet_1750,36.713,0
,densenet_53,43.537,0
,densenet_1998,51.244,0
,densenet_1539,39.591,0
,densenet_267,36.003,0
,densenet_446,41.679,0
,densenet_1641,33.347,0
,densenet_1380,37.192,0
,densenet_102,47.320,0
,densenet_313,43.156,0
,densenet_730,37.439,0
,densenet_1139,49.319,0
,densenet_1466,49.691,0
,densenet_842,33.711,0
,densenet_207,57.553,0
,densenet_1568,36.245,0
,densenet_452,36.980,0
,densenet_41,40.564,0
,densenet_1887,33.925,0
,densenet_804,34.616,0
,densenet_375,33.609,0
,densenet_77,39.380,0
,densenet_644,38.500,0
,densenet_1941,34.458,0
,densenet_682,44.701,0
,densenet_1282,36.838,0
,densenet_672,39.747,0
,densenet_717,38.979,0
,densenet_1214,41.409,0
,densenet_1278,35.754,0
,densenet_878,35.771,0
,densenet_2,39.999,0
,densenet_1874,36.518,0
,densenet_572,31.823,0
,densenet_612,49.157,0
,densenet_1087,35.484,0
,densenet_192,35.854,0
,densenet_635,38.652,0
,densenet_1927,50.641,0
,densenet_287,36.453,0
,densenet_186,46.215,0
,densenet_231,37.076,0
,densenet_539,37.221,0
,densenet_265,39.165,0
,densenet_1291,34.324,0
,densenet_70,43.340,0
,densenet_969,31.602,0
,densenet_1397,56.424,0
,densenet_785,48.074,0
,densenet_1260,50.220,0
,densenet_1946,40.612,0
,densenet_1934,41.878,0
,densenet_1533,43.245,0
,densenet_403,58.976,0
,densenet_12,50.388,0
,densenet_472,41.458,0
,densenet_1474,46.338,0
,densenet_724,36.288,0
,densenet_676,49.920,0
,densenet_528,40.993,0
,densenet_89,40.105,0
,densenet_943,31.021,0
,densenet_1842,30.592,0
,densenet_1053,34.471,0
,densenet_1275,40.716,0
,densenet_1171,36.845,0
,densenet_663,39.108,0
,densenet_40,52.039,0
,densenet_494,39.288,0
,densenet_1685,49.544,0
,densenet_1831,37.664,0
,densenet_1730,52.356,0
,densenet_1133,47.954,0
,densenet_1399,35.474,0
,densenet_1877,40.614,0
,densenet_407,35.495,0
,densenet_1976,41.595,0
,densenet_82,34.798,0
,densenet_638,41.102,0
,densenet_686,36.448,0
,densenet_1203,31.187,0
,densenet_252,34.937,0
,densenet_1412,41.534,0
,densenet_1145,31.927,0
,densenet_312,43.910,0
,densenet_863,34.637,0
,densenet_1503,47.271,0
,densenet_775,35.716,0
,densenet_114,52.628,0
,densenet_846,35.568,0
,densenet_1920,35.939,0
,densenet_1778,36.896,0
,densenet_1697,31.142,0
,densenet_861,42.479,0
,densenet_221,38.607,0
,densenet_884,40.188,0
,densenet_1501,37.694,0
,densenet_288,33.312,0
,densenet_567,50.647,0
,densenet_871,41.035,0
,densenet_1411,52.485,0
,densenet_1832,33.110,0
,densenet_1698,37.242,0
,densenet_339,35.896,0
,densenet_431,38.110,0
,densenet_1522,37.671,0
,densenet_161,32.885,0
,densenet_877,41.200,0
,densenet_1405,34.367,0
,densenet_1072,41.733,0
,densenet_692,53.094,0
,densenet_609,35.186,0
,densenet_395,44.206,0
,densenet_239,51.901,0
,densenet_1283,43.852,0
,densenet_1833,42.056,0
,densenet_1519,40.782,0
,densenet_1978,39.439,0
,densenet_763,37.329,0
,densenet_1368,48.600,0
,densenet_1241,37.157,0
,densenet_903,37.338,0
,densenet_1701,30.534,0
,densenet_430,32.968,0
,densenet_1840,37.883,0
,densenet_664,39.238,0
,densenet_1592,40.951,0
,densenet_1744,34.954,0
,densenet_1423,39.141,0
,densenet_1441,37.399,0
,densenet_1406,36.007,0
,densenet_1076,51.088,0
,densenet_364,40.700,0
,densenet_637,39.114,0
,densenet_248,38.475,0
,densenet_152,36.982,0
,densenet_1039,38.073,0
,densenet_1687,40.052,0
,densenet_1854,42.366,0
,densenet_1211,42.670,0
,densenet_641,36.605,0
,densenet_1999,40.559,0
,densenet_1904,30.336,0
,densenet_1174,38.718,0
,densenet_1032,36.800,0
,densenet_856,39.198,0
,densenet_595,46.386,0
,densenet_1202,31.544,0
,densenet_1910,31.759,0
,densenet_688,38.631,0
,densenet_1205,31.884,0
,densenet_165,49.308,0
,densenet_525,32.905,0
,densenet_1718,36.333,0
,densenet_402,30.519,0
,densenet_1756,43.322,0
,densenet_1761,33.709,0
,densenet_1398,41.988,0
,densenet_374,42.056,0
,densenet_1727,39.461,0
,densenet_1445,40.270,0
,densenet_1869,41.373,0
,densenet_58,39.345,0
,densenet_1881,31.833,0
,densenet_781,49.425,0
,densenet_778,35.495,0
,densenet_228,38.001,0
,densenet_955,40.223,0
,densenet_1226,37.365,0
,densenet_812,35.671,0
,densenet_848,44.968,0
,densenet_1630,40.743,0
,densenet_261,33.310,0
,densenet_1228,39.557,0
,densenet_530,34.827,0
,densenet_1915,32.235,0
,densenet_369,35.411,0
,densenet_992,37.413,0
,densenet_301,33.049,0
,densenet_381,45.882,0
,densenet_1703,39.291,0
,densenet_1648,58.037,0
,densenet_893,35.993,0
,densenet_634,37.157,0
,densenet_136,33.748,0
,densenet_1663,37.537,0
,densenet_683,38.972,0
,densenet_687,36.938,0
,densenet_233,36.132,0
,densenet_1092,34.667,0
,densenet_1459,45.816,0
,densenet_793,31.787,0
,densenet_1209,44.261,0
,densenet_1562,41.275,0
,densenet_86,53.367,0
,densenet_420,35.808,0
,densenet_705,46.185,0
,densenet_627,35.341,0
,densenet_1198,38.494,0
,densenet_850,38.223,0
,densenet_182,36.789,0
,densenet_1990,40.002,0
,densenet_325,40.702,0
,densenet_346,37.005,0
,densenet_696,52.364,0
,densenet_939,35.913,0
,densenet_1052,31.470,0
,densenet_599,38.614,0
,densenet_1105,35.481,0
,densenet_924,39.272,0
,densenet_747,36.978,0
,densenet_1240,36.380,0
,densenet_582,36.203,0
,densenet_772,42.006,0
,densenet_1230,48.040,0
,densenet_1802,33.357,0
,densenet_273,40.633,0
,densenet_169,37.782,0
,densenet_1057,38.834,0
,densenet_1929,35.373,0
,densenet_1094,33.471,0
,densenet_1550,42.930,0
,densenet_356,40.757,0
,densenet_399,45.547,0
,densenet_906,36.781,0
,densenet_1298,38.333,0
,densenet_495,35.867,0
,densenet_920,39.336,0
,densenet_1463,37.561,0
,densenet_203,39.235,0
,densenet_1223,30.657,0
,densenet_816,33.873,0
,densenet_1834,30.359,0
,densenet_1546,36.949,0
,densenet_602,34.991,0
,densenet_1020,38.592,0
,densenet_72,40.510,0
,densenet_449,52.813,0
,densenet_38,32.433,0
,densenet_1745,36.667,0
,densenet_251,33.827,0
,densenet_1352,35.353,0
,densenet_1532,41.391,0
,densenet_991,33.796,0
,densenet_1971,39.053,0
,densenet_1434,40.576,0
,densenet_1782,30.885,0
,densenet_1896,50.809,0
,densenet_1849,42.514,0
,densenet_1477,48.925,0
,densenet_667,39.457,0
,densenet_1616,49.483,0
,densenet_826,39.900,0
,densenet_853,52.256,0
,densenet_293,38.739,0
,densenet_1814,37.559,0
,densenet_451,37.449,0
,densenet_384,32.493,0
,densenet_962,48.523,0
,densenet_814,40.612,0
,densenet_611,40.238,0
,densenet_1123,34.231,0
,densenet_1490,33.995,0
,densenet_1496,34.037,0
,densenet_1321,47.071,0
,densenet_1943,32.539,0
,densenet_308,34.478,0
,densenet_1161,33.937,0
,densenet_1734,32.634,0
,densenet_1711,36.714,0
,densenet_795,38.196,0
,densenet_1374,50.058,0
,densenet_898,46.217,0
,densenet_62,35.347,0
,densenet_598,52.870,0
,densenet_218,31.334,0
,densenet_752,48.440,0
,densenet_1508,53.725,0
,densenet_1040,36.219,0
,densenet_873,41.337,0
,densenet_1465,50.692,0
,densenet_1994,29.039,0
,densenet_73,29.819,0
,densenet_4,39.301,0
,densenet_1005,35.147,0
,densenet_720,40.846,0
,densenet_1959,33.652,0
,densenet_117,31.556,0
,densenet_1762,37.206,0
,densenet_1220,48.881,0
,densenet_1879,35.615,0
,densenet_196,35.303,0
,densenet_1010,36.065,0
,densenet_998,38.980,0
,densenet_1262,35.445,0
,densenet_1933,51.624,0
,densenet_1351,41.159,0
,densenet_1537,31.725,0
,densenet_607,33.909,0
,densenet_855,36.070,0
,densenet_1770,59.829,0
,densenet_701,34.477,0
,densenet_1982,38.827,0
,densenet_1377,49.208,0
,densenet_505,32.594,0
,densenet_1194,37.091,0
,densenet_1650,49.032,0
,densenet_1609,37.225,0
,densenet_1766,40.411,0
,densenet_34,37.545,0
,densenet_1828,41.160,0
,densenet_1542,37.180,0
,densenet_1656,37.131,0
,densenet_25,46.720,0
,densenet_1012,35.611,0
,densenet_1578,49.886,0
,densenet_1267,41.247,0
,densenet_1852,36.187,0
,densenet_90,39.800,0
,densenet_104,49.971,0
,densenet_590,39.344,0
,densenet_849,37.489,0
,densenet_1725,37.110,0
,densenet_1231,37.032,0
,densenet_1372,32.772,0
,densenet_579,35.805,0
,densenet_833,39.965,0
,densenet_1313,36.533,0
,densenet_859,43.889,0
,densenet_1847,36.125,0
,densenet_1048,36.286,0
,densenet_1450,41.819,0
,densenet_1809,47.542,0
,densenet_1070,40.952,0
,densenet_1593,39.774,0
,densenet_1985,36.450,0
,densenet_1699,38.570,0
,densenet_1894,39.599,0
,densenet_1759,38.267,0
,densenet_274,42.449,0
,densenet_1049,45.831,0
,densenet_1603,36.019,0
,densenet_1705,35.150,0
,densenet_948,40.360,0
,densenet_851,35.981,0
,densenet_1481,48.606,0
,densenet_275,32.949,0
,densenet_1974,36.841,0
,densenet_1512,38.918,0
,densenet_1470,40.494,0
,densenet_1964,47.188,0
,densenet_614,40.906,0
,densenet_357,42.238,0
,densenet_147,45.505,0
,densenet_689,35.199,0
,densenet_563,42.415,0
,densenet_410,34.636,0
,densenet_1724,37.484,0
,densenet_1967,31.268,0
,densenet_1188,37.572,0
,densenet_1808,35.900,0
,densenet_1489,36.220,0
,densenet_424,36.433,0
,densenet_1224,37.124,0
,densenet_633,36.066,0
,densenet_1131,36.875,0
,densenet_1540,37.574,0
,densenet_527,41.078,0
,densenet_1681,36.203,0
,densenet_1664,36.132,0
,densenet_1427,31.218,0
,densenet_1514,35.142,0
,densenet_1683,44.316,0
,densenet_1768,43.146,0
,densenet_1867,33.105,0
,densenet_302,53.325,0
,densenet_904,34.142,0
,densenet_1527,46.420,0
,densenet_1764,30.481,0
,densenet_1385,35.146,0
,densenet_1019,41.436,0
,densenet_1781,34.668,0
,densenet_393,35.164,0
,densenet_108,42.182,0
,densenet_738,36.757,0
,densenet_677,47.064,0
,densenet_1023,30.784,0
,densenet_455,41.460,0
,densenet_548,33.350,0
,densenet_542,34.938,0
,densenet_934,43.619,0
,densenet_1569,38.894,0
,densenet_734,34.522,0
,densenet_1596,30.858,0
,densenet_1028,32.027,0
,densenet_118,35.671,0
,densenet_1889,38.935,0
,densenet_670,37.224,0
,densenet_1401,41.946,0
,densenet_559,34.841,0
,densenet_1276,33.740,0
,densenet_1341,35.459,0
,densenet_1786,40.655,0
,densenet_1018,38.225,0
,densenet_204,36.688,0
,densenet_1162,33.380,0
,densenet_617,32.259,0
,densenet_1707,40.505,0
,densenet_324,53.705,0
,densenet_482,36.252,0
,densenet_1600,37.954,0
,densenet_823,32.074,0
,densenet_206,40.778,0
,densenet_1234,39.253,0
,densenet_95,40.765,0
,densenet_178,51.705,0
,densenet_348,27.571,0
,densenet_1011,34.682,0
,densenet_1384,31.888,0
,densenet_671,34.553,0
,densenet_1909,46.759,0
,densenet_183,36.808,0
,densenet_68,37.287,0
,densenet_1863,35.678,0
,densenet_1643,43.175,0
,densenet_1499,34.351,0
,densenet_1233,38.423,0
,densenet_501,39.307,0
,densenet_1830,34.536,0
,densenet_282,37.799,0
,densenet_467,32.169,0
,densenet_1083,33.596,0
,densenet_184,43.314,0
,densenet_1901,35.159,0
,densenet_1818,34.048,0
,densenet_1544,32.015,0
,densenet_1482,41.262,0
,densenet_1925,34.759,0
,densenet_1129,37.275,0
,densenet_87,32.977,0
,densenet_1390,29.258,0
,densenet_1556,35.104,0
,densenet_439,46.629,0
,densenet_560,52.320,0
,densenet_831,35.788,0
,densenet_1026,33.634,0
,densenet_130,37.944,0
,densenet_1303,36.239,0
,densenet_1150,48.529,0
,densenet_127,38.721,0
,densenet_433,43.735,0
,densenet_1906,44.797,0
,densenet_1186,34.523,0
,densenet_27,56.828,0
,densenet_760,40.403,0
,densenet_1589,36.731,0
,densenet_1365,43.893,0
,densenet_462,38.902,0
,densenet_1349,39.801,0
,densenet_819,37.607,0
,densenet_44,35.554,0
,densenet_736,40.991,0
,densenet_1388,34.372,0
,densenet_101,35.620,0
,densenet_1002,33.099,0
,densenet_1957,40.543,0
,densenet_484,37.273,0
,densenet_318,31.198,0
,densenet_1617,31.520,0
,densenet_821,34.944,0
,densenet_1789,33.653,0
,densenet_1222,48.962,0
,densenet_1155,50.587,0
,densenet_512,37.275,0
,densenet_314,33.762,0
,densenet_1157,35.432,0
,densenet_601,36.569,0
,densenet_623,38.962,0
,densenet_1921,38.639,0
,densenet_1114,35.335,0
,densenet_797,38.095,0
,densenet_1629,37.541,0
,densenet_1857,32.835,0
,densenet_1962,37.309,0
,densenet_947,43.936,0
,densenet_353,35.410,0
,densenet_1317,34.414,0
,densenet_561,35.527,0
,densenet_837,40.838,0
,densenet_321,34.335,0
,densenet_214,35.936,0
,densenet_378,51.190,0
,densenet_1193,34.780,0
,densenet_1747,35.077,0
,densenet_1112,39.595,0
,densenet_911,35.680,0
,densenet_586,42.305,0
,densenet_1115,38.737,0
,densenet_1109,39.502,0
,densenet_1431,40.026,0
,densenet_1383,49.126,0
,densenet_659,42.347,0
,densenet_1102,38.725,0
,densenet_1054,33.212,0
,densenet_470,38.365,0
,densenet_1599,41.926,0
,densenet_888,59.692,0
,densenet_189,37.304,0
,densenet_1917,40.587,0
,densenet_1476,38.848,0
,densenet_1310,33.401,0
,densenet_283,30.482,0
,densenet_447,38.033,0
,densenet_456,31.216,0
,densenet_1024,41.763,0
,densenet_975,40.438,0
,densenet_1266,50.767,0
,densenet_480,36.448,0
,densenet_1997,46.186,0
,densenet_134,35.574,0
,densenet_575,36.720,0
,densenet_442,39.037,0
,densenet_1215,38.831,0
,densenet_1803,36.624,0
,densenet_600,36.703,0
,densenet_1806,35.277,0
,densenet_1043,37.294,0
,densenet_945,39.442,0
,densenet_379,34.196,0
,densenet_1860,45.753,0
,densenet_864,40.713,0
,densenet_1093,35.340,0
,densenet_299,41.417,0
,densenet_316,35.186,0
,densenet_493,34.066,0
,densenet_60,49.908,0
,densenet_1451,31.990,0
,densenet_440,54.005,0
,densenet_916,50.129,0
,densenet_1281,38.608,0
,densenet_1621,43.142,0
,densenet_1753,37.275,0
,densenet_1296,49.162,0
,densenet_1666,33.499,0
,densenet_691,39.890,0
,densenet_1777,45.003,0
,densenet_36,34.679,0
,densenet_997,35.773,0
,densenet_1391,49.480,0
,densenet_829,39.683,0
,densenet_496,54.723,0
,densenet_1264,39.583,0
,densenet_1315,31.425,0
,densenet_588,30.716,0
,densenet_37,33.725,0
,densenet_874,34.130,0
,densenet_144,39.061,0
,densenet_1793,46.678,0
,densenet_201,30.297,0
,densenet_249,44.503,0
,densenet_278,43.305,0
,densenet_551,31.986,0
,densenet_541,40.170,0
,densenet_1875,32.106,0
,densenet_1187,33.275,0
,densenet_260,36.639,0
,densenet_822,46.011,0
,densenet_1163,33.701,0
,densenet_67,31.420,0
,densenet_1455,44.305,0
,densenet_272,40.675,0
,densenet_1272,38.076,0
,densenet_1680,37.536,0
,densenet_1986,40.084,0
,densenet_1930,37.026,0
,densenet_1015,35.542,0
,densenet_193,43.593,0
,densenet_1117,29.968,0
,densenet_1325,44.794,0
,densenet_1280,40.648,0
,densenet_1922,49.455,0
,densenet_361,50.696,0
,densenet_330,46.053,0
,densenet_1871,51.118,0
,densenet_771,38.019,0
,densenet_929,40.364,0
,densenet_1979,47.004,0
,densenet_1330,35.885,0
,densenet_1844,37.820,0
,densenet_1531,46.271,0
,densenet_1001,38.151,0
,densenet_521,32.652,0
,densenet_396,36.515,0
,densenet_1932,31.440,0
,densenet_1713,38.570,0
,densenet_1347,32.995,0
,densenet_749,36.949,0
,densenet_950,38.444,0
,densenet_368,34.446,0
,densenet_731,40.699,0
,densenet_1025,38.952,0
,densenet_737,52.126,0
,densenet_479,35.957,0
,densenet_954,40.816,0
,densenet_1350,36.634,0
,densenet_1995,31.426,0
,densenet_1801,32.457,0
,densenet_1147,35.948,0
,densenet_1413,42.627,0
,densenet_1304,36.741,0
,densenet_1888,39.410,0
,densenet_195,42.238,0
,densenet_1301,37.510,0
,densenet_9,55.598,0
,densenet_1655,41.345,0
,densenet_1437,61.105,0
,densenet_1277,31.414,0
,densenet_1626,40.548,0
,densenet_1191,50.192,0
,densenet_703,42.896,0
,densenet_1850,44.855,0
,densenet_80,36.700,0
,densenet_1591,44.188,0
,densenet_758,34.236,0
,densenet_1856,38.640,0
,densenet_81,39.085,0
,densenet_536,37.304,0
,densenet_529,45.290,0
,densenet_391,40.542,0
,densenet_1837,35.409,0
,densenet_1595,30.844,0
,densenet_1858,44.622,0
,densenet_1635,43.046,0
,densenet_789,34.243,0
,densenet_450,36.695,0
,densenet_498,32.632,0
,densenet_704,35.342,0
,densenet_457,37.814,0
,densenet_1035,41.496,0
,densenet_835,39.196,0
,densenet_298,33.636,0
,densenet_1689,29.979,0
,densenet_341,37.370,0
,densenet_1208,46.515,0
,densenet_1051,36.219,0
,densenet_88,39.651,0
,densenet_1110,43.194,0
,densenet_732,42.340,0
,densenet_1373,34.062,0
,densenet_1660,36.934,0
,densenet_1662,41.111,0
,densenet_256,37.970,0
,densenet_1462,39.247,0
,densenet_1333,34.690,0
,densenet_1034,41.111,0
,densenet_764,34.570,0
,densenet_1144,32.481,0
,densenet_232,35.587,0
,densenet_238,36.651,0
,densenet_605,38.224,0
,densenet_996,50.959,0
,densenet_1118,40.224,0
,densenet_1760,45.041,0
,densenet_1022,40.299,0
,densenet_1407,39.292,0
,densenet_52,31.924,0
,densenet_245,35.557,0
,densenet_1645,39.094,0
,densenet_865,35.547,0
,densenet_1590,40.248,0
,densenet_327,40.762,0
,densenet_113,38.534,0
,densenet_1783,50.185,0
,densenet_914,46.872,0
,densenet_765,41.265,0
,densenet_1551,38.079,0
,densenet_1346,39.586,0
,densenet_1213,37.959,0
,densenet_1050,36.411,0
,densenet_345,35.870,0
,densenet_254,31.234,0
,densenet_1961,39.006,0
,densenet_1386,35.502,0
,densenet_421,34.274,0
,densenet_1984,49.920,0
,densenet_1290,29.951,0
,densenet_1485,46.699,0
,densenet_927,32.691,0
,densenet_69,36.063,0
,densenet_1956,36.810,0
,densenet_363,36.418,0
,densenet_43,35.682,0
,densenet_281,42.660,0
,densenet_1106,40.697,0
,densenet_1055,37.252,0
,densenet_338,45.914,0
,densenet_1086,44.597,0
,densenet_1799,36.893,0
,densenet_1504,36.813,0
,densenet_159,47.285,0
,densenet_1366,39.171,0
,densenet_347,53.797,0
,densenet_1167,36.855,0
,densenet_437,35.778,0
,densenet_1646,46.498,0
,densenet_808,32.583,0
,densenet_1538,44.177,0
,densenet_1652,34.322,0
,densenet_1371,40.606,0
,densenet_1336,37.396,0
,densenet_264,36.191,0
,densenet_680,47.231,0
,densenet_1435,46.832,0
,densenet_1661,38.546,0
,densenet_1884,52.538,0
,densenet_1892,51.510,0
,densenet_202,40.921,0
,densenet_170,40.009,0
,densenet_1726,29.905,0
,densenet_349,43.630,0
,densenet_1741,32.218,0
,densenet_236,36.912,0
,densenet_354,38.203,0
,densenet_1420,31.332,0
,densenet_632,33.963,0
,densenet_383,38.403,0
,densenet_1688,40.532,0
,densenet_1785,35.435,0
,densenet_645,36.225,0
,densenet_1572,37.389,0
,densenet_583,39.574,0
,densenet_1721,53.482,0
,densenet_188,42.150,0
,densenet_331,39.658,0
,densenet_487,44.751,0
,densenet_309,42.302,0
,densenet_1045,35.813,0
,densenet_556,32.582,0
,densenet_491,31.733,0
,densenet_266,33.357,0
,densenet_564,36.877,0
,densenet_759,50.798,0
,densenet_581,49.891,0
,densenet_870,36.088,0
,densenet_708,39.267,0
,densenet_1135,37.832,0
,densenet_1536,41.065,0
,densenet_654,37.282,0
,densenet_51,28.951,0
,densenet_1097,46.833,0
,densenet_715,35.737,0
,densenet_1755,36.316,0
,densenet_806,40.691,0
,densenet_1838,36.941,0
,densenet_540,35.650,0
,densenet_1328,33.982,0
,densenet_224,30.665,0
,densenet_1812,36.188,0
,densenet_212,36.718,0
,densenet_1116,35.415,0
,densenet_1152,35.214,0
,densenet_1339,46.730,0
,densenet_1895,45.204,0
,densenet_917,39.414,0
,densenet_1488,35.219,0
,densenet_1178,35.403,0
,densenet_1100,35.446,0
,densenet_1659,33.572,0
,densenet_791,35.517,0
,densenet_1448,38.306,0
,densenet_1800,47.551,0
,densenet_1033,35.458,0
,densenet_1238,32.737,0
,densenet_1825,48.787,0
,densenet_748,49.013,0
,densenet_425,33.267,0
,densenet_1736,36.973,0
,densenet_1273,46.721,0
,densenet_1873,37.507,0
,densenet_1079,45.305,0
,densenet_1561,33.230,0
,densenet_1295,33.585,0
,densenet_436,36.834,0
,densenet_473,35.225,0
,densenet_400,36.005,0
,densenet_1227,43.250,0
,densenet_131,38.360,0
,densenet_1101,34.836,0
,densenet_1311,32.497,0
,densenet_1089,39.316,0
,densenet_1179,31.721,0
,densenet_1611,33.074,0
,densenet_1096,35.188,0
,densenet_1196,35.392,0
,densenet_1305,39.340,0
,densenet_1044,38.228,0
,densenet_1056,39.420,0
,densenet_1009,34.549,0
,densenet_1177,32.963,0
,densenet_1484,31.808,0
,densenet_1395,36.347,0
,densenet_1472,35.386,0
,densenet_552,39.423,0
,densenet_1553,38.167,0
,densenet_827,39.228,0
,densenet_1862,52.491,0
,densenet_1903,39.773,0
,densenet_591,43.472,0
,densenet_1156,36.475,0
,densenet_489,48.644,0
,densenet_1706,38.858,0
,densenet_1067,34.050,0
,densenet_1765,36.635,0
,densenet_803,33.891,0
,densenet_1286,42.303,0
,densenet_10,37.664,0
,densenet_908,39.704,0
,densenet_486,35.812,0
,densenet_390,41.267,0
,densenet_1138,30.291,0
,densenet_1733,42.838,0
,densenet_1031,42.012,0
,densenet_11,31.071,0
,densenet_1113,40.038,0
,densenet_358,34.955,0
,densenet_408,39.984,0
,densenet_499,35.546,0
,densenet_17,34.956,0
,densenet_1891,37.701,0
,densenet_1557,38.190,0
,densenet_1069,37.394,0
,densenet_895,40.927,0
,densenet_1640,33.455,0
,densenet_398,37.555,0
,densenet_1690,33.981,0
,densenet_1938,39.762,0
,densenet_986,38.645,0
,densenet_697,35.767,0
,densenet_1657,34.572,0
,densenet_334,33.240,0
,densenet_291,44.576,0
,densenet_1807,44.524,0
,densenet_1963,60.500,0
,densenet_1525,35.581,0
,densenet_773,38.792,0
,densenet_973,35.497,0
,densenet_503,29.977,0
,densenet_1924,30.571,0
,densenet_1682,40.255,0
,densenet_1712,50.641,0
,densenet_587,33.516,0
,densenet_1207,34.326,0
,densenet_18,40.436,0
,densenet_1823,53.448,0
,densenet_1068,33.759,0
,densenet_173,35.779,0
,densenet_429,34.499,0
,densenet_151,35.987,0
,densenet_253,38.231,0
,densenet_1379,38.350,0
,densenet_176,37.318,0
,densenet_974,37.994,0
,densenet_1670,42.261,0
,densenet_1669,33.954,0
,densenet_1175,34.588,0
,densenet_516,32.853,0
,densenet_1602,34.199,0
,densenet_1729,35.419,0
,densenet_1016,48.500,0
,densenet_1404,45.771,0
,densenet_466,33.108,0
,densenet_1165,30.998,0
,densenet_1454,55.678,0
,densenet_1409,38.504,0
,densenet_93,36.169,0
,densenet_444,38.975,0
,densenet_985,39.796,0
,densenet_1359,36.483,0
,densenet_779,48.324,0
,densenet_1323,34.286,0
,densenet_32,33.126,0
,densenet_1565,37.953,0
,densenet_370,36.993,0
,densenet_380,38.233,0
,densenet_372,34.369,0
,densenet_1908,34.471,0
,densenet_1148,39.998,0
,densenet_1671,37.024,0
,densenet_794,35.104,0
,densenet_1890,36.931,0
,densenet_123,38.171,0
,densenet_1416,46.130,0
,densenet_66,38.043,0
,densenet_31,37.456,0
,densenet_1169,48.556,0
,densenet_953,39.567,0
,densenet_1322,46.120,0
,densenet_1529,41.357,0
,densenet_1439,42.040,0
,densenet_1159,33.815,0
,densenet_1337,31.110,0
,densenet_524,45.837,0
,densenet_843,44.518,0
,densenet_1584,33.085,0
,densenet_1256,38.792,0
,densenet_881,45.168,0
,densenet_596,41.112,0
,densenet_164,31.612,0
,densenet_1075,49.699,0
,densenet_1259,38.446,0
,densenet_1866,26.436,0
,densenet_1839,32.598,0
,densenet_1410,45.732,0
,densenet_1000,51.080,0
,densenet_620,34.409,0
,densenet_1969,46.080,0
,densenet_1780,38.485,0
,densenet_290,35.755,0
,densenet_919,41.213,0
,densenet_1030,32.275,0
,densenet_912,35.214,0
,densenet_830,43.735,0
,densenet_1360,27.571,0
,densenet_125,31.608,0
,densenet_981,48.614,0
,densenet_807,37.531,0
,densenet_376,33.456,0
,densenet_1695,36.406,0
,densenet_229,41.083,0
,densenet_1367,50.089,0
,densenet_362,36.156,0
,densenet_1912,55.764,0
,densenet_222,42.970,0
,densenet_574,37.896,0
,densenet_966,36.858,0
,densenet_371,31.371,0
,densenet_1495,34.941,0
,densenet_741,42.865,0
,densenet_268,36.004,0
,densenet_1345,32.390,0
,densenet_1524,30.161,0
,densenet_1418,43.445,0
,densenet_792,41.458,0
,densenet_351,35.596,0
,densenet_1239,32.298,0
,densenet_1302,44.195,0
,densenet_1164,43.617,0
,densenet_220,39.833,0
,densenet_655,50.023,0
,densenet_592,37.780,0
,densenet_126,37.543,0
,densenet_1185,35.100,0
,densenet_1749,36.157,0
,densenet_1403,39.867,0
,densenet_681,34.136,0
,densenet_761,30.064,0
,densenet_1168,32.440,0
,densenet_1876,38.964,0
,densenet_630,34.378,0
,densenet_1797,48.562,0
,densenet_674,37.814,0
,densenet_150,32.694,0
,densenet_475,35.780,0
,densenet_1438,57.270,0
,densenet_1103,31.958,0
,densenet_984,38.120,0
,densenet_972,37.342,0
,densenet_1247,35.313,0
,densenet_244,38.709,0
,densenet_1624,34.419,0
,densenet_1478,36.926,0
,densenet_531,46.868,0
,densenet_1502,51.681,0
,densenet_1006,37.193,0
,densenet_1758,35.977,0
,densenet_1127,40.367,0
,densenet_1649,38.119,0
,densenet_1775,47.900,0
,densenet_710,36.190,0
,densenet_1549,32.731,0
,densenet_1038,35.803,0
,densenet_71,59.499,0
,densenet_722,31.459,0
,densenet_1084,30.252,0
,densenet_307,31.347,0
,densenet_666,40.383,0
,densenet_387,42.223,0
,densenet_880,34.346,0
,densenet_1951,48.435,0
,densenet_304,44.062,0
,densenet_1738,35.140,0
,densenet_336,37.520,0
,densenet_1216,44.865,0
,densenet_1284,31.561,0
,densenet_33,44.172,0
,densenet_1865,39.650,0
,densenet_519,42.533,0
,densenet_243,42.582,0
,densenet_1717,35.937,0
,densenet_57,39.489,0
,densenet_1387,39.957,0
,densenet_1473,34.966,0
,densenet_98,43.238,0
,densenet_1637,40.806,0
,densenet_115,41.323,0
,densenet_1864,39.415,0
,densenet_1467,37.450,0
,densenet_417,48.029,0
,densenet_1623,51.781,0
,densenet_960,32.705,0
,densenet_678,37.753,0
,densenet_780,42.975,0
,densenet_103,39.470,0
,densenet_145,34.774,0
,densenet_1686,33.303,0
,densenet_931,39.694,0
,densenet_1776,52.698,0
,densenet_1249,46.057,0
,densenet_621,41.329,0
,densenet_1426,37.339,0
,densenet_199,39.364,0
,densenet_1694,35.602,0
,densenet_1029,48.921,0
,densenet_209,36.796,0
,densenet_22,34.137,0
,densenet_1182,35.783,0
,densenet_1252,36.355,0
,densenet_1853,34.608,0
,densenet_959,37.259,0
,densenet_1737,48.302,0
,densenet_1732,36.975,0
,densenet_1242,35.015,0
,densenet_198,37.594,0
,densenet_1958,36.810,0
,densenet_50,39.189,0
,densenet_603,33.423,0
,densenet_8,47.803,0
,densenet_537,33.954,0
,densenet_1779,43.457,0
,densenet_809,34.388,0
,densenet_171,33.195,0
,densenet_469,40.183,0
,densenet_1285,46.176,0
,densenet_651,43.207,0
,densenet_1160,38.827,0
,densenet_154,35.411,0
,densenet_1306,51.423,0
,densenet_841,36.111,0
,densenet_890,39.742,0
,densenet_426,42.639,0
,densenet_20,41.463,0
,densenet_885,40.658,0
,densenet_1271,35.478,0
,densenet_1176,38.119,0
,densenet_1673,41.503,0
,densenet_1270,36.296,0
,densenet_1498,39.390,0
,densenet_1120,35.490,0
,densenet_385,51.332,0
,densenet_284,35.956,0
,densenet_751,46.383,0
,densenet_1723,46.889,0
,densenet_746,36.742,0
,densenet_1268,36.550,0
,densenet_1748,37.219,0
,densenet_817,39.993,0
,densenet_646,32.537,0
,densenet_1936,33.915,0
,densenet_1722,29.833,0
,densenet_604,33.409,0
,densenet_133,38.981,0
,densenet_149,38.377,0
,densenet_1851,34.721,0
,densenet_799,39.320,0
,densenet_1622,49.506,0
,densenet_866,37.196,0
,densenet_1528,33.937,0
,densenet_905,33.927,0
,densenet_1195,37.854,0
,densenet_679,48.217,0
,densenet_1376,32.154,0
,densenet_636,45.824,0
,densenet_1975,33.970,0
,densenet_1944,29.943,0
,densenet_476,35.792,0
,densenet_454,33.992,0
,densenet_1003,37.809,0
,densenet_1813,39.018,0
,densenet_1573,34.672,0
,densenet_852,42.768,0
,densenet_180,35.256,0
,densenet_733,36.967,0
,densenet_1183,49.551,0
,densenet_1143,42.433,0
,densenet_577,46.611,0
,densenet_386,36.373,0
,densenet_155,36.726,0
,densenet_549,36.537,0
,densenet_1746,34.955,0
,densenet_532,33.608,0
,densenet_1082,37.998,0
,densenet_913,45.812,0
,densenet_1861,37.274,0
,densenet_661,44.988,0
,densenet_1136,30.265,0
,densenet_1897,36.443,0
,densenet_1606,49.695,0
,densenet_584,60.819,0
,densenet_510,44.198,0
,densenet_1679,36.613,0
,densenet_1047,35.218,0
,densenet_1586,36.210,0
,densenet_179,43.207,0
,densenet_96,38.210,0
,densenet_1378,38.642,0
,densenet_1605,47.585,0
,densenet_1206,42.014,0
,densenet_790,49.357,0
,densenet_1479,39.401,0
,densenet_258,38.489,0
,densenet_961,42.570,0
,densenet_554,42.686,0
,densenet_1811,36.920,0
,densenet_576,33.051,0
,densenet_223,35.367,0
,densenet_107,36.284,0
,densenet_964,36.505,0
,densenet_359,40.488,0
,densenet_1382,33.437,0
,densenet_191,37.865,0
,densenet_1992,49.154,0
,densenet_770,40.874,0
,densenet_1422,41.529,0
,densenet_1318,36.320,0
,densenet_1627,38.373,0
,densenet_517,34.463,0
,densenet_1356,38.663,0
,densenet_1254,34.203,0
,densenet_786,36.031,0
,densenet_1794,53.669,0
,densenet_925,51.241,0
,densenet_840,33.181,0
,densenet_61,39.823,0
,densenet_138,38.252,0
,densenet_1784,36.148,0
,densenet_754,39.129,0
,densenet_513,38.190,0
,densenet_1552,41.927,0
,densenet_1078,40.365,0
,densenet_120,46.981,0
,densenet_156,48.838,0
,densenet_468,40.435,0
,densenet_706,45.290,0
,densenet_1918,38.567,0
,densenet_401,41.507,0
,densenet_665,37.087,0
,densenet_1487,37.838,0
,densenet_286,38.675,0
,densenet_1229,38.689,0
,densenet_1981,35.666,0
,densenet_1517,46.793,0
,densenet_983,32.590,0
,densenet_109,34.895,0
,densenet_1107,37.452,0
,densenet_1098,34.316,0
,densenet_1369,41.259,0
,densenet_640,42.420,0
,densenet_1027,35.222,0
,densenet_1564,37.452,0
,densenet_1189,34.798,0
,densenet_800,38.323,0
,densenet_303,40.527,0
,densenet_227,40.217,0
,densenet_1245,30.615,0
,densenet_1300,41.071,0
,densenet_235,46.753,0
,densenet_1091,33.248,0
,densenet_935,33.902,0
,densenet_915,38.981,0
,densenet_335,33.163,0
,densenet_921,37.838,0
,densenet_990,49.463,0
,densenet_1594,33.211,0
,densenet_1820,35.207,0
,densenet_1795,35.904,0
,densenet_1134,50.199,0
,densenet_1558,47.189,0
,densenet_1125,34.786,0
,densenet_1547,41.545,0
,densenet_1928,40.085,0
,densenet_205,41.189,0
,densenet_891,43.097,0
,densenet_944,38.680,0
,densenet_534,44.318,0
,densenet_1085,37.829,0
,densenet_382,43.374,0
,densenet_756,45.400,0
,densenet_1859,38.317,0
,densenet_690,41.761,0
,densenet_270,40.475,0
,densenet_980,34.626,0
,densenet_146,34.377,0
,densenet_1684,35.383,0
,densenet_1740,40.655,0
,densenet_1577,36.806,0
,densenet_868,37.955,0
,densenet_839,35.248,0
,densenet_693,37.192,0
,densenet_427,49.311,0
,densenet_1667,30.027,0
,densenet_949,35.159,0
,densenet_685,38.350,0
,densenet_279,37.587,0
,densenet_1244,40.768,0
,densenet_956,36.519,0
,densenet_366,35.749,0
,densenet_1559,34.865,0
,densenet_910,37.794,0
,densenet_1587,39.212,0
,densenet_246,45.312,0
,densenet_1361,33.911,0
,densenet_332,34.323,0
,densenet_285,40.091,0
,densenet_1354,40.768,0
,densenet_1710,37.651,0
,densenet_946,36.773,0
,densenet_234,35.835,0
,densenet_1674,37.146,0
,densenet_562,33.859,0
,densenet_739,41.970,0
,densenet_1563,46.303,0
,densenet_1872,49.250,0
,densenet_1063,33.557,0
,densenet_445,36.183,0
,densenet_1677,31.270,0
,densenet_1614,34.969,0
,densenet_1754,35.151,0
,densenet_707,36.004,0
,densenet_1696,40.081,0
,densenet_1571,37.708,0
,densenet_47,34.849,0
,densenet_796,37.885,0
,densenet_1154,35.405,0
,densenet_1013,48.904,0
,densenet_1907,34.103,0
,densenet_631,46.599,0
,densenet_1042,36.088,0
,densenet_1855,34.658,0
,densenet_197,41.280,0
,densenet_1334,34.931,0
,densenet_1935,51.888,0
,densenet_1308,33.406,0
,densenet_1534,36.180,0
,densenet_1526,45.811,0
,densenet_566,39.226,0
,densenet_727,31.272,0
,densenet_411,35.443,0
,densenet_673,40.504,0
,densenet_112,33.801,0
,densenet_900,36.003,0
,densenet_744,34.128,0
,densenet_423,39.074,0
,densenet_1170,35.662,0
,densenet_1151,33.516,0
,densenet_1948,33.064,0
,densenet_377,38.069,0
,densenet_978,37.119,0
,densenet_1702,34.600,0
,densenet_140,39.337,0
,densenet_1111,32.561,0
,densenet_1893,37.267,0
,densenet_1442,34.221,0
,densenet_1618,40.569,0
,densenet_1972,40.071,0
,densenet_1835,42.572,0
,densenet_1329,40.516,0
,densenet_14,34.999,0
,densenet_5,36.453,0
,densenet_211,40.200,0
,densenet_1878,41.279,0
,densenet_1692,32.240,0
,densenet_668,36.757,0
,densenet_1769,37.043,0
,densenet_1644,40.898,0
,densenet_92,31.951,0
,densenet_902,46.598,0
,densenet_834,40.569,0
,densenet_269,36.555,0
,densenet_909,48.126,0
,densenet_106,39.663,0
,densenet_558,41.166,0
,densenet_589,34.723,0
,densenet_610,39.614,0
,densenet_1394,35.479,0
,densenet_1757,49.506,0
,densenet_1919,30.423,0
,densenet_409,35.280,0
,densenet_414,49.664,0
,densenet_514,40.120,0
,densenet_1236,37.926,0
,densenet_1913,36.085,0
,densenet_518,36.489,0
,densenet_185,45.124,0
,densenet_854,46.103,0
,densenet_432,48.127,0
,densenet_76,45.774,0
,densenet_901,45.769,0
,densenet_976,36.502,0
,densenet_887,36.683,0
,densenet_1821,38.122,0
,densenet_1250,38.612,0
,densenet_593,35.924,0
,densenet_743,36.560,0
,densenet_326,36.026,0
,densenet_216,70.240,0
,densenet_647,43.898,0
,densenet_1201,37.968,0
,densenet_63,53.035,0
,densenet_1375,30.370,0
,densenet_1221,31.524,0
,densenet_1017,34.322,0
,densenet_1960,35.172,0
,densenet_1716,31.901,0
,densenet_535,32.724,0
,densenet_121,34.831,0
,densenet_1942,35.857,0
,densenet_500,35.671,0
,densenet_1790,33.814,0
,densenet_1523,40.107,0
,densenet_1257,37.982,0
,densenet_1381,48.160,0
,densenet_1146,42.371,0
,densenet_1210,41.937,0
,densenet_899,33.508,0
,densenet_1232,37.004,0
,densenet_1279,33.712,0
,densenet_1269,29.220,0
,densenet_1058,48.445,0
,densenet_111,34.978,0
,densenet_702,34.902,0
,densenet_1486,36.175,0
,densenet_1678,38.239,0
,densenet_1535,38.822,0
,densenet_153,35.453,0
,densenet_459,45.578,0
,densenet_1353,48.902,0
,densenet_1610,45.785,0
,densenet_337,37.837,0
,densenet_845,37.391,0
,densenet_894,37.845,0
,densenet_1543,44.954,0
,densenet_1654,35.961,0
,densenet_1180,42.477,0
,densenet_1081,48.153,0
,densenet_329,41.273,0
,densenet_1225,30.779,0
,densenet_1119,38.339,0
,densenet_91,36.152,0
,densenet_1338,48.100,0
,densenet_1945,34.164,0
,densenet_963,41.357,0
,densenet_160,34.646,0
,densenet_1548,37.496,0
,densenet_1469,50.748,0
,densenet_94,36.602,0
,densenet_787,34.178,0
,densenet_1471,36.437,0
,densenet_26,35.413,0
,densenet_762,37.824,0
,densenet_907,42.524,0
,densenet_889,35.418,0
,densenet_157,33.136,0
,densenet_1668,36.821,0
,densenet_515,36.952,0
,densenet_1497,40.402,0
,densenet_709,32.223,0
,densenet_957,41.653,0
,densenet_1510,41.402,0
,densenet_162,33.934,0
,densenet_1408,35.110,0
,densenet_1885,35.832,0
,densenet_478,58.575,0
,densenet_1461,70.654,0
,densenet_1419,35.736,0
,densenet_84,43.172,0
,densenet_1363,33.815,0
,densenet_508,43.400,0
,densenet_485,38.129,0
,densenet_1541,34.511,0
,densenet_594,34.339,0
,densenet_1255,40.169,0
,densenet_767,51.319,0
,densenet_571,53.080,0
,densenet_882,36.668,0
,densenet_580,42.881,0
,densenet_1494,37.769,0
,densenet_488,40.399,0
,densenet_1693,37.775,0
,densenet_461,38.946,0
,densenet_1520,31.678,0
,densenet_1515,48.479,0
,densenet_825,29.878,0
,densenet_810,51.715,0
,densenet_6,42.314,0
,densenet_343,48.305,0
,densenet_1312,33.619,0
,densenet_1620,38.789,0
,densenet_742,31.277,0
,densenet_1940,38.675,0
,densenet_1453,36.822,0
,densenet_352,39.338,0
,densenet_1428,35.936,0
,densenet_1316,43.758,0
,densenet_477,39.378,0
,densenet_210,48.668,0
,densenet_406,38.364,0
,densenet_798,40.627,0
,densenet_1625,38.043,0
,densenet_1767,39.623,0
,densenet_1449,46.438,0
,densenet_1581,35.371,0
,densenet_509,43.280,0
,densenet_1728,31.684,0
,densenet_753,56.087,0
,densenet_538,33.875,0
,densenet_1037,44.996,0
,densenet_172,33.873,0
,densenet_555,33.639,0
,densenet_1149,34.925,0
,densenet_1253,46.423,0
,densenet_1415,44.834,0
,densenet_1554,32.986,0
,densenet_15,40.778,0
,densenet_1642,48.965,0
,densenet_628,42.875,0
,densenet_1297,39.678,0
,densenet_464,37.930,0
,densenet_1947,47.078,0
,densenet_296,40.542,0
,densenet_783,33.116,0
,densenet_1983,38.184,0
,densenet_7,42.447,0
,densenet_1714,32.625,0
,densenet_1007,51.133,0
,densenet_784,42.338,0
,densenet_1708,33.268,0
,densenet_1121,35.412,0
,densenet_1197,46.851,0
,densenet_340,37.377,0
,densenet_1389,39.474,0
,densenet_511,53.554,0
,densenet_624,46.508,0
,densenet_1968,35.635,0
,densenet_79,36.690,0
,densenet_1788,38.305,0
,densenet_719,32.308,0
,densenet_1126,38.451,0
,densenet_782,34.359,0
,densenet_652,54.618,0
,densenet_1299,45.559,0
,densenet_1263,42.180,0
,densenet_1567,34.596,0
,densenet_1200,41.886,0
,densenet_698,33.471,0
,densenet_626,32.985,0
,densenet_1545,35.171,0
,densenet_1582,41.187,0
,densenet_1464,41.167,0
,densenet_1675,36.750,0
,densenet_1099,37.556,0
,densenet_1483,43.935,0
,densenet_471,43.147,0
,densenet_1128,40.539,0
,densenet_465,40.457,0
,densenet_922,40.183,0
,densenet_1062,41.585,0
,densenet_1077,40.631,0
,densenet_1008,38.426,0
,densenet_1218,37.144,0
,densenet_660,39.357,0
,densenet_405,34.773,0
,densenet_988,34.557,0
,densenet_735,37.110,0
,densenet_1841,39.883,0
,densenet_344,41.018,0
,densenet_1041,35.642,0
,densenet_262,37.680,0
,densenet_875,37.423,0
,densenet_1237,57.547,0
,densenet_801,37.400,0
,densenet_1633,49.336,0
,densenet_124,31.091,0
,densenet_168,38.887,0
,densenet_1294,33.995,0
,densenet_993,33.615,0
,densenet_1950,36.965,0
,densenet_523,38.274,0
,densenet_435,32.852,0
,densenet_1400,35.890,0
,densenet_1060,35.191,0
,densenet_543,55.836,0
,densenet_1190,34.918,0
,densenet_213,33.118,0
,densenet_1676,43.866,0
,densenet_847,36.777,0
,densenet_300,56.273,0
,densenet_1991,39.657,0
,densenet_1184,38.264,0
,densenet_1307,38.976,0
,densenet_958,42.362,0
,densenet_1319,38.163,0
,densenet_1348,38.546,0
,densenet_1460,33.264,0
,densenet_867,49.430,0
,densenet_615,42.153,0
,densenet_175,38.182,0
,densenet_1977,37.204,0
,densenet_1570,48.632,0
,densenet_1073,41.067,0
,densenet_1217,38.204,0
,densenet_1393,33.410,0
,densenet_544,35.448,0
,densenet_897,45.347,0
,densenet_1665,42.950,0
,densenet_85,34.162,0
,densenet_928,48.763,0
,densenet_989,37.185,0
,densenet_1631,37.508,0
,densenet_200,44.640,0
,densenet_59,53.302,0
,densenet_1142,35.100,0
,densenet_294,40.536,0
,densenet_1639,35.577,0
,densenet_883,40.530,0
,densenet_1980,40.876,0
,densenet_1937,38.334,0
,densenet_550,33.551,0
,densenet_723,42.779,0
,densenet_280,36.721,0
,densenet_1588,33.566,0
,densenet_55,43.207,0
,densenet_1265,40.099,0
,densenet_1507,31.035,0
,densenet_1335,32.132,0
,densenet_1743,51.651,0
,densenet_1500,36.196,0
,densenet_142,45.329,0
,densenet_1555,29.899,0
,densenet_241,35.539,0
,densenet_1987,28.587,0
,densenet_1274,35.967,0
,densenet_774,36.450,0
,densenet_629,35.756,0
,densenet_643,34.971,0
,densenet_653,37.558,0
,densenet_1444,39.984,0
,densenet_255,41.102,0
,densenet_481,34.931,0
,densenet_1506,30.900,0
,densenet_1989,53.584,0
,densenet_1021,33.100,0
,densenet_1173,46.228,0
,densenet_317,44.321,0
,densenet_177,34.085,0
,densenet_1700,35.821,0
,densenet_1988,38.337,0
,densenet_1798,44.836,0
,densenet_1251,46.289,0
,densenet_507,37.831,0
,densenet_1752,36.525,0
,densenet_777,40.330,0
,densenet_1574,39.667,0
,densenet_1751,35.250,0
,densenet_219,52.758,0
,densenet_1414,34.428,0
,densenet_568,36.853,0
,densenet_802,37.723,0
,densenet_1293,38.208,0
,densenet_143,35.185,0
,densenet_1653,41.725,0
,densenet_844,34.249,0
,densenet_419,37.342,0
,densenet_105,51.962,0
,densenet_29,34.546,0
,densenet_918,35.847,0
,densenet_1289,39.933,0
,densenet_1088,34.558,0
,densenet_832,41.192,0
,densenet_1417,37.634,0
,densenet_1344,43.165,0
,densenet_394,54.043,0
,densenet_860,40.484,0
,densenet_1343,35.816,0
,densenet_546,33.082,0
,densenet_718,41.587,0
,densenet_694,41.507,0
,densenet_271,40.171,0
,densenet_311,33.342,0
,densenet_1883,41.746,0
,densenet_1848,52.096,0
,densenet_618,35.583,0
,densenet_289,34.784,0
,densenet_805,35.406,0
,densenet_490,36.611,0
,densenet_1822,38.849,0
,densenet_135,36.991,0
,densenet_492,38.186,0
,densenet_181,39.666,0
,densenet_428,38.626,0
,densenet_128,33.532,0
,densenet_1192,30.312,0
,densenet_35,34.135,0
,densenet_237,38.097,0
,densenet_1493,47.425,0
,densenet_565,49.405,0
,densenet_1443,50.752,0
,densenet_553,38.391,0
,densenet_355,33.967,0
,densenet_1248,39.085,0
,densenet_21,39.516,0
,densenet_1340,37.638,0
,densenet_745,39.708,0
,densenet_766,38.966,0
,densenet_999,54.409,0
,densenet_0,41.569,0
,densenet_879,39.297,0
,densenet_1332,36.081,0
,densenet_129,39.445,0
,densenet_750,48.399,0
,densenet_1965,36.859,0
,densenet_569,35.379,0
,densenet_1763,34.489,0
,densenet_1166,39.812,0
,densenet_56,35.429,0
,densenet_1181,38.209,0
,densenet_987,35.837,0
,densenet_328,34.639,0
,densenet_412,31.236,0
,densenet_1882,40.120,0
,densenet_1916,43.292,0
,densenet_937,34.201,0
,densenet_1923,37.945,0
,densenet_930,32.606,0
,densenet_1742,38.445,0
,densenet_1899,36.794,0
,densenet_360,41.960,0
,densenet_700,34.561,0
,densenet_1579,36.976,0
,densenet_1066,37.184,0
,densenet_54,53.695,0
,densenet_1774,42.563,0
,densenet_1358,40.164,0
,densenet_1235,36.282,0
,densenet_838,45.886,0
,densenet_1810,33.589,0
,densenet_1,33.895,0
,densenet_721,33.931,0
,densenet_13,33.147,0
,densenet_392,35.230,0
,densenet_1816,42.982,0
,densenet_310,36.073,0
,densenet_1843,38.878,0
,densenet_869,40.673,0
,densenet_1521,40.536,0
,densenet_725,42.780,0
,densenet_1819,37.959,0
,densenet_19,39.239,0
,densenet_1287,37.228,0
,densenet_1199,42.506,0
,densenet_30,35.798,0
,densenet_502,53.181,0
,densenet_194,50.267,0
,densenet_1132,37.404,0
,densenet_1845,34.295,0
,densenet_872,50.354,0
,densenet_1475,44.076,0
,densenet_1566,52.146,0
,densenet_1219,32.758,0
,densenet_46,63.925,0
,densenet_474,41.138,0
,densenet_716,45.078,0
,densenet_982,42.557,0
,densenet_1709,40.172,0
,densenet_933,41.798,0
,densenet_1805,39.219,0
,densenet_769,34.620,0
,densenet_1447,40.375,0
,densenet_167,38.598,0
,densenet_1324,44.369,0
,densenet_675,30.139,0
,densenet_1886,41.820,0
,densenet_292,31.233,0
,densenet_1829,46.094,0
,densenet_1424,35.280,0
,densenet_892,38.435,0
,densenet_74,36.631,0
,densenet_757,32.990,0
,densenet_1130,37.789,0
,densenet_1104,34.948,0
,densenet_1824,36.100,0
,densenet_1357,66.859,0
,densenet_132,46.546,0
,densenet_1141,30.530,0
,densenet_1396,38.840,0
,densenet_1902,48.950,0
,densenet_1425,33.149,0
,densenet_1491,31.817,0
,densenet_65,34.927,0
,densenet_45,34.920,0
,densenet_1331,49.847,0
,densenet_1430,36.183,0
,densenet_1457,45.475,0
,densenet_938,42.580,0
,densenet_1911,40.817,0
,densenet_714,42.389,0
,densenet_1530,41.635,0
,densenet_1792,42.351,0
,densenet_942,48.517,0
,densenet_110,37.677,0
,densenet_1772,39.487,0
,densenet_320,39.573,0
,densenet_1827,36.156,0
,densenet_49,36.960,0
,densenet_1505,35.071,0
,densenet_1836,55.925,0
,densenet_187,35.061,0
,densenet_650,37.635,0
,densenet_1480,50.153,0
,densenet_813,48.878,0
,densenet_1576,32.270,0
,densenet_1597,30.943,0
,densenet_818,42.917,0
,densenet_656,57.029,0
,densenet_1601,40.548,0
,densenet_215,36.449,0
,densenet_926,34.502,0
,densenet_1402,47.862,0
,densenet_862,37.900,0
,densenet_1608,46.053,0
,densenet_443,31.852,0
,densenet_297,38.027,0
,densenet_740,44.296,0
,densenet_416,46.945,0
,densenet_404,31.488,0
,densenet_1771,36.362,0
,densenet_1074,37.305,0
,densenet_373,33.112,0
,densenet_695,37.407,0
,densenet_418,36.164,0
,densenet_1615,35.465,0
,densenet_3,33.279,0
,densenet_923,34.365,0
,densenet_977,35.197,0
,densenet_460,40.214,0
,densenet_1952,38.790,0
,densenet_1429,40.359,0
,densenet_684,39.966,0
,densenet_1124,51.922,0
,densenet_1636,44.254,0
,densenet_116,46.066,0
,densenet_333,34.105,0
,densenet_1691,39.585,0
,densenet_1468,34.954,0
,densenet_506,36.499,0
,densenet_483,42.032,0
,densenet_1672,35.204,0
,densenet_1815,38.526,0
,densenet_1158,38.438,0
,densenet_1036,39.374,0
,densenet_619,34.263,0
,densenet_526,36.922,0
,densenet_1900,33.942,0
,densenet_886,37.838,0
,densenet_23,33.260,0
,densenet_1014,45.845,0
,densenet_585,35.227,0
,densenet_613,37.267,0
,densenet_522,47.166,0
,densenet_64,34.503,0
,densenet_1604,35.997,0
,densenet_389,48.569,0
,densenet_242,42.426,0
,densenet_1585,39.309,0
,densenet_1704,39.793,0
,densenet_1362,37.462,0
,densenet_1513,39.017,0
,densenet_1452,33.640,0
,densenet_1314,34.051,0
,densenet_1140,58.756,0
,densenet_625,38.379,0
,densenet_896,30.701,0
,densenet_657,35.259,0
,densenet_259,36.221,0
,densenet_1492,40.403,0
,densenet_225,36.516,0
,densenet_319,50.195,0
,densenet_726,53.202,0
,densenet_78,47.595,0
,densenet_995,38.629,0
,densenet_728,34.877,0
,densenet_1122,33.960,0
,densenet_342,45.818,0
,densenet_952,36.461,0
,densenet_811,37.628,0
,densenet_367,46.859,0
,densenet_1326,46.087,0
,densenet_148,36.218,0
,densenet_441,52.078,0
,densenet_315,48.368,0
,densenet_119,38.034,0
,densenet_463,35.062,0
,densenet_1658,38.778,0
,densenet_257,50.132,0
,densenet_1826,34.522,0
,densenet_75,37.372,0
,densenet_276,45.064,0
,densenet_649,35.865,0
,densenet_1560,31.535,0
,densenet_1440,41.953,0
,densenet_240,36.791,0
,densenet_1288,37.491,0
,densenet_533,35.594,0
,densenet_434,44.568,0
,densenet_1509,37.828,0
,densenet_1996,36.855,0
,densenet_1370,37.216,0
,densenet_768,43.600,0
,densenet_622,43.692,0
,densenet_208,35.132,0
,densenet_1355,41.828,0
,densenet_936,51.026,0
,densenet_1518,49.728,0
,densenet_1632,39.909,0
,densenet_141,38.760,0
,densenet_557,37.719,0
,densenet_1715,47.948,0
,densenet_1926,35.718,0
,densenet_174,42.007,0
,densenet_876,31.165,0
,densenet_1612,37.739,0
,densenet_1993,35.471,0
,densenet_662,35.396,0
,densenet_1172,32.693,0
,densenet_1059,36.129,0
,densenet_1204,39.485,0
,densenet_755,37.494,0
,densenet_83,33.521,0
,densenet_458,28.921,0
,densenet_306,40.739,0
,densenet_1796,35.813,0
,densenet_1108,38.170,0
,densenet_712,40.798,0
,densenet_1090,46.564,0
,densenet_711,41.257,0
,densenet_570,36.722,0
,densenet_642,38.176,0
,densenet_788,32.575,0
,densenet_1905,38.593,0
,densenet_1261,31.169,0
,densenet_1791,40.885,0
,densenet_1342,35.294,0
,densenet_1731,38.566,0
,densenet_858,32.142,0
,densenet_415,36.909,0
,densenet_305,32.865,0
,densenet_497,36.361,0
,densenet_1638,57.265,0
,densenet_1456,39.517,0
,densenet_97,34.999,0
,densenet_1320,38.039,0
,densenet_1243,34.651,0
,densenet_1458,37.077,0
,densenet_573,38.034,0
,densenet_545,52.890,0
,densenet_99,45.483,0
,densenet_1619,56.394,0
,densenet_1309,32.817,0
,densenet_1327,40.153,0
,densenet_230,39.349,0
,densenet_217,37.866,0
,densenet_1432,31.812,0
,densenet_965,36.591,0
,densenet_597,51.887,0
,densenet_163,34.264,0
,densenet_263,37.980,0
,densenet_520,34.802,0
,densenet_1735,37.241,0
,densenet_438,47.374,0
,densenet_968,33.373,0
,densenet_1598,46.821,0
,densenet_1954,40.085,0
,densenet_979,42.166,0
,densenet_139,35.018,0
,densenet_1061,39.259,0
,densenet_941,37.475,0
,densenet_1846,33.559,0
,densenet_1607,39.544,0
,densenet_413,34.914,0
,densenet_1719,41.583,0
,densenet_158,40.755,0
,densenet_250,33.989,0
,densenet_1446,37.626,0
,densenet_608,38.916,0
,densenet_1046,33.281,0
,densenet_1973,38.448,0
,densenet_1071,37.144,0
,densenet_606,43.126,0
,densenet_1583,36.277,0
,densenet_1364,52.345,0
,densenet_699,35.849,0
,densenet_28,35.952,0
,densenet_226,32.114,0
,densenet_547,34.050,0
,densenet_1292,40.335,0
,densenet_1392,35.810,0
,densenet_295,40.229,0
,densenet_42,46.292,0
,densenet_1817,44.374,0
,densenet_639,38.985,0
,densenet_1870,41.544,0
,densenet_951,44.658,0
,densenet_1246,34.351,0
,densenet_815,47.754,0
,densenet_137,46.031,0
,densenet_1575,35.123,0
,densenet_1868,38.744,0
,densenet_1516,32.930,0
,densenet_1787,32.281,0
,densenet_967,38.804,0
,densenet_1433,38.055,0
,densenet_729,50.103,0
,densenet_388,39.779,0
,densenet_422,33.283,0
,densenet_1095,33.251,0
,densenet_1914,49.151,0
,densenet_1880,46.692,0
,densenet_1137,31.003,0
,densenet_669,47.293,0
,densenet_453,33.915,0
,densenet_1212,39.598,0
